province_th,year_be,year_ce,forest_area_rai,forest_area_ha,forest_percent,source,tier,retrieved_at
สระบุรี,2561,2018,522573.34,83611.7344,23.89,https://data.go.th/dataset/saraburi-forest-area,official-statistical-reference,2026-09-25
สระบุรี,2562,2019,529689.38,84750.3008,24.22,https://data.go.th/dataset/saraburi-forest-area,official-statistical-reference,2026-09-25
สระบุรี,2563,2020,532568.92,85211.02720000001,24.35,https://data.go.th/dataset/saraburi-forest-area,official-statistical-reference,2026-09-25
สระบุรี,2564,2021,532016.71,85122.6736,24.33,https://data.go.th/dataset/saraburi-forest-area,official-statistical-reference,2026-09-25
สระบุรี,2565,2022,534855.42,85576.86720000001,24.46,https://data.go.th/dataset/saraburi-forest-area,official-statistical-reference,2026-09-25
สระบุรี,2566,2023,531337.53,85014.00480000001,24.3,https://data.go.th/dataset/saraburi-forest-area,official-statistical-reference,2026-09-25
สระบุรี,2567,2024,532177.56,85148.40960000001,24.33,https://data.go.th/dataset/saraburi-forest-area,official-statistical-reference,2026-09-25
กาญจนบุรี,2564,2021,7493626.874,1198980.29984,61.85243287,https://data.go.th/dataset/forest-area-2567,official-statistical-reference,2026-09-25
กาญจนบุรี,2565,2022,7494409.58,1199105.5328,61.85889332,https://data.go.th/dataset/forest-area-2567,official-statistical-reference,2026-09-25
กาญจนบุรี,2566,2023,7478716.75,1196594.68,61.72927052,https://data.go.th/dataset/forest-area-2567,official-statistical-reference,2026-09-25
กาญจนบุรี,2567,2024,7478170.33,1196507.2528000001,61.72476037,https://data.go.th/dataset/forest-area-2567,official-statistical-reference,2026-09-25
