ปีงบประมาณ,จังหวัด,ลำดับที่หมู่บ้าน,ลำดับที่ป่าชุมชน,ชื่อป่าชุมชน,บ้าน,หมู่ที่,ตำบล,อำเภอ,ประเภทที่ดิน,ค่าพิกัด (E),ค่าพิกัด (N),เนื้อที่ป่าสงวนแห่งชาติ,เนื้อที่ป่าพ.ร.บ.ฯ 84,เนื้อที่นสล.,เนื้อที่อื่น ๆ,วันที่ อปม. อนุมัติ
2558,พิษณุโลก,1,1,ป่าชุมชนบ้านซำต้อง,ซำต้อง,9,ชมพู,เนินมะปราง,ป่าสงวนแห่งชาติ ป่าลุ่มน้ำวังทองฝั่งซ้าย,673015,1851881,1005-3-43,0,0,0,19-พ.ค.-58
2558,พิษณุโลก,2,2,ป่าชุมชนบ้านเขาน้อย (แปลงที่ 1-2),เขาน้อย,5,ดงประคำ,พรหมพิราม,ป่าสงวนแห่งชาติ ป่าสองฝั่งลำแควน้อย,-,-,1897-2-17,500-0-0,0,0,7-พ.ค.-58
2558,พิษณุโลก,3,3,ป่าชุมชนบ้านนาเมือง,นาเมือง,3,นครชุม,นครไทย,ป่าสงวนแห่งชาติป่าน้ำภาคและป่าลำแควน้อยฝั่งซ้าย,-,-,451-0-4,0,0,0,20-ก.พ.-58
2558,พิษณุโลก,4,4,ป่าชุมชนบ้านบ่อโพธิ์,บ่อโพธิ์,1,บ่อโพธิ์,นครไทย,ป่าสงวนแห่งชาติป่าเนินเพิ่ม,-,-,1485-1-10,0,0,0,3-ก.ค.-58
2558,พิษณุโลก,5,5,ป่าชุมชนบ้านหนองเต่า,หนองเต่า,5,ดินทอง,วังทอง,ป่าสงวนแห่งชาติ ป่าลุ่มน้ำวังทองฝั่งซ้าย,-,-,1001-1-72,0,0,0,7-พ.ค.-58
2558,พิษณุโลก,6,6,ป่าชุมชนบ้านโคกคล้าย (แปลงที่ 1-3),โคกคล้าย,7,บ่อโพธิ์,นครไทย,ป่าสงวนแห่งชาติ ป่าเนินเพิ่ม,712802,1895195,10-3-13,7-0-11,489-2-4,0," 12 มี.ค. 57 , 19 พ.ค. 58"
2558,พิษณุโลก,7,7,ป่าชุมชนบ้านทุ่งพระ (แปลงที่ 1-2),ทุ่งพระ,8,บ้านมุง,เนินมะปราง,ป่าสงวนแห่งชาติ ป่าลุ่มน้ำวังทองฝั่งซ้าย,-,-,1-1-24,3275-0-81,0, ,16-ธ.ค.-57
2558,พิษณุโลก,8,8,ป่าชุมชนบ้านหลังเขา (แปลงที่ 1-3),หลังเขา,7,หนองกะท้าว,นครไทย,ป่าสงวนแห่งชาติ ป่าเขากระยาง,677269,1881429,1229-1-92,0,0, ,19-พ.ค.-58
2558,พิษณุโลก,9,9,ป่าชุมชนบ้านห้วยเซิม (แปลงที่ 1-4),ห้วยเซิม,25,หนองกะท้าว,นครไทย,ป่าสงวนแห่งชาติ ป่าเขากระยาง,680099,1884386,827-0-60,0,0,0,19-พ.ค.-58
2558,พิษณุโลก,10,10,ป่าชุมชนบ้านเนินกลาง (แปลงที่ 1-3),เนินกลาง,20,หนองกะท้าว,นครไทย,ป่าสงวนแห่งชาติป่าเขากระยาง,682372,1889786,1933-2-83,0,304-0-57,0,19-พ.ค.-58
2558,พิษณุโลก,11,11,ป่าชุมชนบ้านชมพูเหนือ (แปลงที่ 1-2),ชมพูเหนือ,3,ชมพู,เนินมะปราง,ป่าสงวนแห่งชาติ ป่าลุ่มน้ำวังทองฝั่งซ้าย,656774,1886315,1405-2-81,0,0,0,19-พ.ค.-58
2558,พิษณุโลก,12,12,ป่าชุมชนบ้านปลวกง่าม,ปลวกง่าม,5,ชมพู,เนินมะปราง,ป่าสงวนแห่งชาติ ป่าลุ่มน้ำวังทองฝั่งซ้าย,670398,1845933,1859-0-4,0,0,0,19-พ.ค.-58
2558,พิษณุโลก,13,13,ป่าชุมชนบ้านเนินคล้อ,เนินคล้อ,12,ชมพู,เนินมะปราง,ป่าสงวนแห่งชาติ ป่าลุ่มน้ำวังทองฝั่งซ้าย,672544,1845352,850-3-61,0,0,0,19-พ.ค.-58
2558,พิษณุโลก,14,14,ป่าชุมชนบ้านนาหนอง,นาหนอง,6,หนองกะท้าว,นครไทย,ป่าสงวนแห่งชาติ ป่าเขากระยาง,687668,1889763,3310-3-36,0,0,0,19-พ.ค.-58
2558,พิษณุโลก,15,15,ป่าชุมชนบ้านแก่งไฮ (แปลงที่ 1-3),แก่งไฮ,11,หนองกะท้าว,นครไทย,ป่าสงวนแห่งชาติ ป่าเขากระยาง,687490,1878982,1118-3-67,0,0,0,19-พ.ค.-58
2558,พิษณุโลก,16,16,ป่าชุมชนบ้านชมพูใต้ (แปลงที่ 1-2),ชมพูใต้,1,ชมพู,เนินมะปราง,ป่าสงวนแห่งชาติ ป่าลุ่มน้ำวังทองฝั่งซ้าย,675909,1847479,969-3-30,161-0-32,0,0,19-พ.ค.-58
2558,พิษณุโลก,17,17,ป่าชุมชนบ้านน้ำปาด (แปลงที่ 1-3),น้ำปาด,2,ชมพู,เนินมะปราง,ป่าสงวนแห่งชาติ ป่าลุ่มน้ำวังทองฝั่งซ้าย (แปลงที่ 1),682372,1889786,2218-1-86,0,292-3-38,0,19-พ.ค.-58
2558,พิษณุโลก,18,18,ป่าชุมชนบ้านไร่,ไร่,3,ทับยายเชียง,พรหมพิราม,ป่าสงวนแห่งชาติป่าสองฝั่งลำน้ำแควน้อย,637588,1891947,142-0-0,0,0,0,22-มิ.ย.-58
2558,พิษณุโลก,19,19,ป่าชุมชนบ้านทับยายเชียง,ทับยายเชียง,5,ทับยายเชียง,พรหมพิราม,ป่าสงวนแห่งชาติป่าสองฝั่งลำน้ำแควน้อย,637754,1893637,308-0-0,0,0,0,22-มิ.ย.-58
2558,พิษณุโลก,20,20,ป่าชุมชนบ้านชาน,ชาน,5,หินลาด,วัดโบสถ์,ป่าสงวนแห่งชาติป่าสองฝั่งลำน้ำแควน้อย,0644584,1892497,564-0-0,0,0,0,22-มิ.ย.-58
2558,พิษณุโลก,21,21,ป่าชุมชนบ้านใหม่ไทยเจริญ,ใหม่ไทยเจริญ,13,บ่อโพธิ์,นครไทย,ป่าสงวนแห่งชาติป่าเนินเพิ่ม,-,-,4993-2-86,0,0,0,3-ก.ค.-58
2558,พิษณุโลก,22,22,ป่าชุมชนบ้านเนินพลวง (แปลงที่ 1-4),เนินพลวง,22,หนองกะท้าว,นครไทย,ป่าสงวนแห่งชาติป่าเขากระยาง,-,-,1612-1-83,20-0-92,0,0,3-ก.ค.-58
2558,พิษณุโลก,23,23,ป่าชุมชนบ้านโคกเนินทอง,โคกเนินทอง,11,บ่อโพธิ์,นครไทย,,-,-,0,251-0-0,0,0,3-ก.ค.-58
2558,พิษณุโลก,24,24,ป่าชุมชนบ้านใหม่อนามัย,ใหม่อนามัย,12,บ่อโพธิ์,นครไทย,,-,-,0,101-0-61,0,0,3-ก.ค.-58
2558,พิษณุโลก,25,25,ป่าชุมชนบ้านหนองขาหย่าง (แปลงที่ 1-2),หนองขาหย่าง,2,สวนเมี่ยง,ชาติตระการ,ป่าสงวนแห่งชาติป่าสวนเมี่ยง,-,-,2151-3-41,0,0,0,14-ส.ค.-58
2558,พิษณุโลก,26,26,ป่าชุมชนบ้านน้อย,น้อย,3,สวนเมี่ยง,ชาติตระการ,ป่าสงวนแห่งชาติป่าสวนเมี่ยง,-,-,37-3-96,0,0,0,14-ส.ค.-58
2558,พิษณุโลก,27,27,ป่าชุมชนบ้านห้วยหมากหล่ำ (แปลงที่ 1-2),ห้วยหมากหล่ำ,5,สวนเมี่ยง,ชาติตระการ,ป่าสงวนแห่งชาติป่าสวนเมี่ยง,-,-,89-1-24,0,0,0,14-ส.ค.-58
2558,พิษณุโลก,28,28,ป่าชุมชนบ้านเนินช้างแทง,เนินช้างแทง,8,สวนเมี่ยง,ชาติตระการ,ป่าสงวนแห่งชาติป่าสวนเมี่ยง,-,-,132-0-10,0,0,0,14-ส.ค.-58
2558,พิษณุโลก,29,29,ป่าชุมชนบ้านนาตาจูม (แปลงที่ 1-2),นาตาจูม,6,บ้านดง,ชาติตระการ,ป่าสงวนแห่งชาติป่าสวนเมี่ยงและป่าสงวนแห่งชาติป่าดงตีนตก (แปลงที่ 1) และป่าสงวนแห่งชาติป่าสวนเมี่ยง (แปลงที่ 2),,,1320-3-56,0,0,0,14-ส.ค.-58
2559,พิษณุโลก,30,30,ป่าชุมชนบ้านหนองอีป๋อง,หนองอีป๋อง,10,ชมพู,เนินมะปราง,ป่าสงวนแห่งชาติ ป่าลุ่มน้ำวังทองฝั่งซ้าย,0672542,1840196,22-1-48,0,0,0,24-ธ.ค.-58
2559,พิษณุโลก,31,31,ป่าชุมชนบ้านป่ารวก,ป่ารวก,3,บ่อโพธิ์,นครไทย,, 0714399,189913,0,124-2-63,0,0,8-ก.พ.-59
2559,พิษณุโลก,32,32,ป่าชุมชนบ้านร้องหวายฝาด,ร้องหวายฝาด,11,ดอนทอง,เมือง,ป่าสงวนแห่งชาติป่าสองฝั่งลำน้ำแควน้อย,0647903,1872504,294-2-51,32-3-54,0,0,15-ต.ค.-58
2559,พิษณุโลก,33,33,ป่าชุมชนบ้านบ่อ,บ่อ,3,วังนกแอ่น,วังทอง,ป่าสงวนแห่งชาติป่าลุ่มน้ำวังทองฝั่งขวา, 0669038,1863700,1273-3-70,0,0,0,9-พ.ย.-58
2559,พิษณุโลก,34,34,ป่าชุมชนบ้านแก่งจูงนาง (แปลงที่ 1-3),แก่งจูงนาง,7,วังนกแอ่น,วังทอง,ป่าสงวนแห่งชาติป่าลุ่มน้ำวังทองฝั่งซ้าย, 0664979,1860071,2462-3-19,0,0,0,9-พ.ย.-58
2559,พิษณุโลก,35,35,ป่าชุมชนบ้านแก่งกุลาเหนือ (แปลงที่ 1-2),แก่งกุลาเหนือ,12,แก่งโสภา,วังทอง,ป่าสงวนแห่งชาติป่าแม่น้ำเข็ก, 0682146,1864313,324-2-31,0,0,0,9-พ.ย.-58
2559,พิษณุโลก,36,36,ป่าชุมชนบ้านหนองหิน (แปลงที่ 1-5),หนองหิน,2,บ้านแยง,นครไทย,ป่าสงวนแห่งชาติป่าเขากระยาง,677797,1876626,29-3-42,0,0,0,2-ธ.ค.-58
2559,พิษณุโลก,37,37,ป่าชุมชนบ้านเกษตรสุข,เกษตรสุข,5,บ้านแยง,นครไทย,ป่าสงวนแห่งชาติป่าเขากระยาง,683201,1870786,42-0-81,0,0,0,2-ธ.ค.-58
2559,พิษณุโลก,38,38,ป่าชุมชนบ้านเกษตรสมบูรณ์ (แปลงที่ 1-4),เกษตรสมบูรณ์,10,บ้านแยง,นครไทย,ป่าสงวนแห่งชาติป่าเขากระยาง,648896,1876071,293-0-86,0,0,0,2-ธ.ค.-58
2559,พิษณุโลก,39,39,ป่าชุมชนบ้านบางกลางท่าวพัฒนา (แปลงที่ 1-3),บางกลางท่าวพัฒนา,13,บ้านแยง,นครไทย,ป่าสงวนแห่งชาติป่าเขากระยาง,677815,1877002,276-0-45,0,0,0,2-ธ.ค.-58
2559,พิษณุโลก,40,40,ป่าชุมชนบ้านถ้ำพริก (แปลงที่ 1-5),ถ้ำพริก,3,บ้านแยง,นครไทย,ป่าสงวนแห่งชาติป่าเขากระยาง,681678,1872128,263-2-38,0,0,0,2-ธ.ค.-58
2559,พิษณุโลก,41,41,ป่าชุมชนบ้านแก่งหว้า,แก่งหว้า,8,หนองกะท้าว,นครไทย,ป่าสงวนแห่งชาติป่าเขากระยาง,689359,1877878,95-1-98,0,0,0,2-ธ.ค.-58
2559,พิษณุโลก,42,42,ป่าชุมชนบ้านหนองกะท้าว (แปลงที่ 1-3),หนองกะท้าว,3,หนองกะท้าว,นครไทย,ป่าสงวนแห่งชาติป่าเขากระยาง,692483,1884266,64-1-2,1-3-33,0,0,2-ธ.ค.-58
2559,พิษณุโลก,43,43,ป่าชุมชนบ้านคลองตะเคียน,คลองตะเคียน,1,วังยาง,เนินมะปราง,ป่าสงวนแห่งชาติป่าลุ่มน้ำวังทองฝั่งซ้าย,688235,1818332,935-1-63,1319-1-10,0,0,24-ธ.ค.-58
2559,พิษณุโลก,44,44,ป่าชุมชนบ้านทุ่งนาดี,ทุ่งนาดี,5,วังยาง,เนินมะปราง,ป่าสงวนแห่งชาติป่าลุ่มน้ำวังทองฝั่งซ้าย,684880,1820893,2049-2-5,383-1-57,0,0,24-ธ.ค.-58
2559,พิษณุโลก,45,45,ป่าชุมชนบ้านน้ำพริก (แปลงที่ 1-2),น้ำพริก,2,ยางโกลน,นครไทย,ป่าสงวนแห่งชาติป่าเนินเพิ่ม,704411,1902847,1490-3-48,0,0,0,26-ม.ค.-59
2559,พิษณุโลก,46,46,ป่าชุมชนบ้านฟากน้ำ,ฟากน้ำ,10,ยางโกลน,นครไทย,ป่าสงวนแห่งชาติป่าเนินเพิ่ม,704116,1902345,1947-0-38,0,0,0,26-ม.ค.-59
2559,พิษณุโลก,47,47,ป่าชุมชนบ้านกกกะบาก ,กกกะบาก,1,ยางโกลน,นครไทย,ป่าสงวนแห่งชาติป่าเนินเพิ่ม,703125,1902972,1033-1-80,5-2-83,0,0,26-ม.ค.-59
2559,พิษณุโลก,48,48,ป่าชุมชนบ้านโนนมะค่า (แปลงที่ 1-2),โนนมะค่า,5,ยางโกลน,นครไทย,,705979,1900884,0,299-3-79,0,0,26-ม.ค.-59
2559,พิษณุโลก,49,49,ป่าชุมชนบ้านบุ่งตารอด,บุ่งตารอด,6,ยางโกลน,นครไทย,,702293,1897892,0,445-1-0,0,0,26-ม.ค.-59
2559,พิษณุโลก,50,50,ป่าชุมชนบ้านบุ่งปลาฝา,บุ่งปลาฝา,7,ยางโกลน,นครไทย,,703552,1899188,0,556-0-94,0,0,26-ม.ค.-59
2559,พิษณุโลก,51,51,ป่าชุมชนบ้านกกม่วง,กกม่วง,8,ยางโกลน,นครไทย,,705187,1896905,0,479-3-16,0,0,26-ม.ค.-59
2559,พิษณุโลก,52,52,ป่าชุมชนบ้านนาซำหวาย,นาซำหวาย,9,ยางโกลน,นครไทย,,703851,1900407,0,476-3-95,0,0,26-ม.ค.-59
2559,พิษณุโลก,53,53,ป่าชุมชนบ้านน้อยใน (แปลงที่ 1-4),น้อยใน,3,หินลาด,วัดโบสถ์,, 0644801,1895097,0,28-2-31,283-3-73,0,16-ก.พ.-59
2559,พิษณุโลก,54,54,ป่าชุมชนบ้านหนองกระบาก,หนองกระบาก,5,คันโช้ง,วัดโบสถ์,ป่าสงวนแห่งชาติป่าสองฝั่งลำน้ำแควน้อย, 0643985,1908374,9972-0-83,0,0,0,19-ก.พ.-59
2559,พิษณุโลก,55,55,ป่าชุมชนบ้านกกมะโมง,กกมะโมง,3,ยางโกลน,นครไทย,ป่าสงวนแห่งชาติป่าเนินเพิ่ม,705506,1902070,2097-0-14,29-0-38,0,0,9-มี.ค.-59
2559,พิษณุโลก,56,56,ป่าชุมชนบ้านยางโกลน,ยางโกลน,4,ยางโกลน,นครไทย,,705024,1900968,0,358-0-76,0,0,9-มี.ค.-59
2559,พิษณุโลก,57,57,ป่าชุมชนบ้านห้วยไผ่,ห้วยไผ่,8,วังนกแอ่น,วังทอง,ป่าสงวนแห่งชาติป่าลุ่มน้ำวังทองฝั่งขวา,0664137,1869833,4523-2-4,0,0,0,23-ส.ค.-59
2559,พิษณุโลก,58,58,ป่าชุมชนบ้านทรัพย์คลองกลาง,ทรัพย์คลองกลาง,18,บ้านกลาง,วังทอง,ป่าสงวนแห่งชาติป่าลุ่มน้ำวังทองฝั่งขวา,0661211,1880666,76-0-98,0,0,0,23-ส.ค.-59
2560,พิษณุโลก,59,59,ป่าชุมชนบ้านวังชมพู,วังชมพู,9,บ่อโพธิ์,นครไทย,, 0706083,1896068,0,112-0-22,0,0,21-ต.ค.-59
2560,พิษณุโลก,60,60,ป่าชุมชนบ้านนาคล้าย,นาคล้าย,1,นาบัว,นครไทย,ป่าสงวนแห่งชาติป่าเนินเพิ่ม,0699703,1905621,575-0-59,0,0,0,17-ก.พ.-60
2560,พิษณุโลก,61,61,ป่าชุมชนบ้านนาคล้อ (แปลงที่ 1-3),นาคล้อ,10,นาบัว,นครไทย,ป่าสงวนแห่งชาติป่าเนินเพิ่ม, 0698766,1905262,481-2-7,3-3-65,0,0,21-ต.ค.-59
2560,พิษณุโลก,62,62,ป่าชุมชนบ้านโป่งดินดำ (แปลงที่ 1-5),โป่งดินดำ,26,หนองกะท้าว,นครไทย,ป่าสงวนแห่งชาติป่าเขากระยาง,675106,1904371,1099-0-94,0,0,0,17-ก.พ.-60
2560,พิษณุโลก,63,63,ป่าชุมชนบ้านศรีเจริญ,ศรีเจริญ,2,ทับยายเชียง,พรหมพิราม,ป่าสงวนแห่งชาติป่าสองฝั่งลำน้ำแควน้อย, 0635665,1894156,1049-2-22,0,0,0,21-ต.ค.-59
2560,พิษณุโลก,64,64,ป่าชุมชนบ้านหินประกาย (แปลงที่ 1-4),หินประกาย,8,บ้านกลาง,วังทอง,ป่าสงวนแห่งชาติป่าลุ่มน้ำวังทองฝั่งขวา,0663556,1872511,423-3-36,0,0,0,17-ก.พ.-60
2560,พิษณุโลก,65,65,ป่าชุมชนบ้านโป่งแค (แปลงที่ 1-3),โป่งแค,10,คันโช้ง,วัดโบสถ์,, 0646585,1917846,6781-0-29,0,0,0,17-พ.ย.-59
2560,พิษณุโลก,66,66,ป่าชุมชนบ้านน้ำคบ,น้ำคบ,4,บ้านยาง,วัดโบสถ์,ป่าสงวนแห่งชาติป่าสองฝั่งลำน้ำแควน้อย,0648413,1880942,4127-0-58,85-0-14,0,0,17-ก.พ.-60
2561,พิษณุโลก,67,67,ป่าชุมชนบ้านหัวคงคา,หัวคงคา,10,ท่างาม,วัดโบสถ์,ป่าสงวนแห่งชาติป่าสองฝั่งลำน้ำแควน้อย,643687,1891484,754-0-66,25-1-33,0,0,10-พ.ค.-61
2561,พิษณุโลก,68,68,ป่าชุมชนบ้านหนองยาง,หนองยาง,8,บ้านยาง,วัดโบสถ์,ป่าสงวนแห่งชาติป่าสองฝั่งลำน้ำแควน้อย,645151,1889470,815-3-80,0,0,0,10-พ.ค.-61
2561,พิษณุโลก,69,69,ป่าชุมชนบ้านท่าขอนเบน,ท่าขอนเบน,8,หินลาด,วัดโบสถ์,ป่าสงวนแห่งชาติป่าสองฝั่งลำน้ำแควน้อย,641904,1901748,825-1-94,74-1-16,0,0,10-พ.ค.-61
2561,พิษณุโลก,70,70,ป่าชุมชนบ้านดง,ดง,1,บ้านดง,ชาติตระการ,ป่าสงวนแห่งชาติป่าดงตีนตก, 0657969,1921963,1060-0-10,0,0,0,28-ก.พ.-61
2561,พิษณุโลก,71,71,ป่าชุมชนบ้านเนินพยอม,เนินพยอม,7,บ้านดง,ชาติตระการ,ป่าสงวนแห่งชาติป่าดงตีนตก, 0658330,1922725,664-2-81,0,0,0,28-ก.พ.-61
2561,พิษณุโลก,72,72,ป่าชุมชนบ้านตีนตก (แปลงที่ 1-2),ตีนตก,13,บ้านดง,ชาติตระการ,ป่าสงวนแห่งชาติป่าสวนเมี่ยง, 0652092,1913730,1182-1-13,0,0,0,28-ก.พ.-61
2561,พิษณุโลก,73,73,ป่าชุมชนบ้านใหม่เจริญทรัพย์ (แปลงที่ 1-2),ใหม่เจริญทรัพย์,14,บ้านดง,ชาติตระการ,, 0658484,1909356,2433-0-89,0,0,0,28-ก.พ.-61
2561,พิษณุโลก,74,74,ป่าชุมชนบ้านเนินสุวรรณ (แปลงที่ 1-2),เนินสุวรรณ,15,บ้านดง,ชาติตระการ,, 0650954,1913256,2034-3-67,0,0,0,28-ก.พ.-61
2561,พิษณุโลก,75,75,ป่าชุมชนบ้านห้วยบ่อทอง,ห้วยบ่อทอง,5,บ้านมุง,เนินมะปราง,ป่าสงวนแห่งชาติป่าลุ่มน้ำวังทองฝั่งซ้าย,685217,1824427,1332-1-10,0,0,0,28-ก.พ.-61
2561,พิษณุโลก,76,76,ป่าชุมชนบ้านน้ำหัก,น้ำหัก,3,บ้านยาง,วัดโบสถ์,ป่าสงวนแห่งชาติป่าสองฝั่งลำน้ำแควน้อย,652437,1887871,127-3-25,0,0,0,30-เม.ย.-61
2561,พิษณุโลก,77,77,ป่าชุมชนบ้านนาขาม (แปลงที่ 1-4),นาขาม,1,บ้านยาง,วัดโบสถ์,ป่าสงวนแห่งชาติป่าสองฝั่งลำน้ำแควน้อย,648340,1891790,352-3-26,267-3-75,0,0,30-เม.ย.-61
2561,พิษณุโลก,78,78,ป่าชุมชนบ้านป่าคาย (แปลงที่ 1-2),ป่าคาย,2,บ้านยาง,วัดโบสถ์,,648344,1884530,783-1-0,14-0-54,0,0,30-เม.ย.-61
2561,พิษณุโลก,79,79,ป่าชุมชนบ้านน้ำภาคน้อย,น้ำภาคน้อย,7,ป่าแดง,ชาติตระการ,ป่าสงวนแห่งชาติป่าน้ำภาคน้อย,672345,1912292,26-3-65,0,0,0,19-มิ.ย.-61
2561,พิษณุโลก,80,80,ป่าชุมชนบ้านนาล้อม (แปลงที่ 1-3),นาล้อม,10,ป่าแดง,ชาติตระการ,ป่าสงวนแห่งชาติป่าดงตีนตก,664908,1912094,553-3-72,0,0,0,19-มิ.ย.-61
2561,พิษณุโลก,81,81,ป่าชุมชนบ้านห้วยท่าเนื้อ,ห้วยท่าเนื้อ,11,ป่าแดง,ชาติตระการ,ป่าสงวนแห่งชาติป่าดงตีนตก,661977,1915185,735-0-32,0,0,0,19-มิ.ย.-61
2561,พิษณุโลก,82,82,ป่าชุมชนบ้านใหม่ไทยเจริญ (แปลงที่ 1-2),ใหม่ไทยเจริญ,12,ป่าแดง,ชาติตระการ,ป่าสงวนแห่งชาติป่าดงตีนตก,663602,1915085,876-0-13,0,0,0,19-มิ.ย.-61
2561,พิษณุโลก,83,83,ป่าชุมชนบ้านห้วยเจียง,ห้วยเจียง,3,คันโช้ง,วัดโบสถ์,ป่าสงวนแห่งชาติป่าสองฝั่งลำน้ำแควน้อย,641343,1915915,967-3-36,0,0,0,19-มิ.ย.-61
2561,พิษณุโลก,84,84,ป่าชุมชนบ้านปากพาน,ปากพาน,6,คันโช้ง,วัดโบสถ์,ป่าสงวนแห่งชาติป่าสองฝั่งลำน้ำแควน้อย,639258,1905961,234-1-4,0,0,0,19-มิ.ย.-61
2561,พิษณุโลก,85,85,ป่าชุมชนบ้านเนินตาเกิด,เนินตาเกิด,9,บ้านยาง,วัดโบสถ์,ป่าสงวนแห่งชาติป่าลุ่มน้ำวังทองฝั่งขวา,653580,1886906,53-3-21,0,0,0,19-มิ.ย.-61
2561,พิษณุโลก,86,86,ป่าชุมชนบ้านคลองซับรัง (แปลงที่ 1-2),คลองซับรัง,12,ไทรย้อย,เนินมะปราง,ป่าสงวนแห่งชาติป่าลุ่มน้ำวังทองฝั่งซ้าย,678550,1822282,136-0-97,0,0,0,19-มิ.ย.-61
2561,พิษณุโลก,87,87,ป่าชุมชนบ้านท่าหนอง,ท่าหนอง,1,หินลาด,วัดโบสถ์,ป่าสงวนแห่งชาติป่าสองฝั่งลำน้ำแควน้อย,638299,1908126,201-1-71,256-1-86,0,0,19-มิ.ย.-61
2561,พิษณุโลก,88,88,ป่าชุมชนบ้านนา (แปลงที่ 1-2),นา,2,ป่าแดง,ชาติตระการ,ป่าสงวนแห่งชาติป่าน้ำภาคน้อย,670497,1911467,349-1-82,13-3-89,0,0,19-มิ.ย.-61
2561,พิษณุโลก,89,89,ป่าชุมชนบ้านไทรงาม (แปลงที่ 1-2),ไทรงาม,4,ป่าแดง,ชาติตระการ,ป่าสงวนแห่งชาติป่าน้ำภาคน้อย,668603,1911912,210-2-67,1-3-86,0,0,19-มิ.ย.-61
2561,พิษณุโลก,90,90,ป่าชุมชนบ้านห้วยเหิน,ห้วยเหิน,9,ป่าแดง,ชาติตระการ,,664332,1910689,993-2-46,89-2-88,0,0,19-มิ.ย.-61
2561,พิษณุโลก,91,91,ป่าชุมชนบ้านห้วยกอก (แปลงที่ 1-2),ห้วยกอก,1,ห้วยเฮี้ย,นครไทย,ป่าสงวนแห่งชาติป่าเนินเพิ่ม,700408,1871548,1195-3-72,0,0,0,19-มิ.ย.-61
2561,พิษณุโลก,92,92,ป่าชุมชนบ้านห้วยเฮี้ย,ห้วยเฮี้ย,3,ห้วยเฮี้ย,นครไทย,ป่าสงวนแห่งชาติป่าเนินเพิ่ม,702059,1872472,70-1-21,0,0,0,19-มิ.ย.-61
2561,พิษณุโลก,93,93,ป่าชุมชนบ้านแก่งลาด,แก่งลาด,7,ห้วยเฮี้ย,นครไทย,ป่าสงวนแห่งชาติป่าเนินเพิ่ม,705338,1876049,17-2-15,0,0,0,19-มิ.ย.-61
2561,พิษณุโลก,94,94,ป่าชุมชนบ้านน้ำขมึน,น้ำขมึน,17,เนินเพิ่ม,นครไทย,ป่าสงวนแห่งชาติป่าเนินเพิ่ม,702237,1882610,976-3-42,0,0,0,19-มิ.ย.-61
2561,พิษณุโลก,95,95,ป่าชุมชนบ้านคันโช้ง (แปลงที่ 1-3),คันโช้ง,1,คันโช้ง,วัดโบสถ์,ป่าสงวนแห่งชาติป่าสองฝั่งลำน้ำแควน้อย,648748,1905442,699-0-79,0,0,0,19-มิ.ย.-61
2561,พิษณุโลก,96,96,ป่าชุมชนบ้านแก่งคันนา (แปลงที่ 1-2),แก่งคันนา,7,คันโช้ง,วัดโบสถ์,ป่าสงวนแห่งชาติป่าสองฝั่งลำน้ำแควน้อย,659179,1893642,147-0-77,0,0,0,19-มิ.ย.-61
2561,พิษณุโลก,97,97,ป่าชุมชนบ้านสามเส้า,สามเส้า,9,คันโช้ง,วัดโบสถ์,ป่าสงวนแห่งชาติป่าสองฝั่งลำน้ำแควน้อย,659953,1894688,385-2-20,0,0,0,19-มิ.ย.-61
2561,พิษณุโลก,98,98,ป่าชุมชนบ้านโป่งปะ,โป่งปะ,10,แก่งโสภา,วังทอง,ป่าสงวนแห่งชาติป่าแม่น้ำเข็ก,688633,1865428,1347-1-29,0,0,0,19-มิ.ย.-61
2561,พิษณุโลก,99,99,ป่าชุมชนบ้านวังตาด,วังตาด,6,วังนกแอ่น,วังทอง,ป่าสงวนแห่งชาติป่าลุ่มน้ำวังทองฝั่งขวา,663881,1867929,98-1-61,0,0,0,19-มิ.ย.-61
2561,พิษณุโลก,100,100,ป่าชุมชนบ้านไร่พัฒนา,ไร่พัฒนา,13,นาบัว,นครไทย,ป่าสงวนแห่งชาติป่าเนินเพิ่ม,701508,1903455,927-3-33,21-2-45,0,0,19-มิ.ย.-61
2561,พิษณุโลก,101,101,ป่าชุมชนบ้านเขาไร่ศรีราชา,เขาไร่ศรีราชา,6,ท่างาม,วัดโบสถ์,ป่าสงวนแห่งชาติป่าลุ่มน้ำวังทองฝั่งขวา,649968,1876103,545-3-90,43-2-18,0,0,19-มิ.ย.-61
2561,พิษณุโลก,102,102,ป่าชุมชนบ้านทรัพย์เจริญ,ทรัพย์เจริญ,8,แก่งโสภา,วังทอง,ป่าสงวนแห่งชาติป่าแม่น้ำเข็ก,678576,1866482,250-1-50,34-1-43,0,0,19-มิ.ย.-61
2561,พิษณุโลก,103,103,ป่าชุมชนบ้านแก่งกุลา,แก่งกุลา,2,แก่งโสภา,วังทอง,ป่าสงวนแห่งชาติป่าแม่น้ำเข็ก,679223,1865111,359-0-74,63-0-2,0,0,19-มิ.ย.-61
2561,พิษณุโลก,104,104,ป่าชุมชนบ้านนาเปอะ,นาเปอะ,2,ชาติตระการ,ชาติตระการ,ป่าสงวนแห่งชาติป่าน้ำภาคน้อย,674161,1913895,120-2-56,0,0,0,27-ก.ย.-61
2561,พิษณุโลก,105,105,ป่าชุมชนบ้านโคกผักหวาน,โคกผักหวาน,5,ชาติตระการ,ชาติตระการ,ป่าสงวนแห่งชาติป่าน้ำภาคน้อย,674742,1914452,160-2-9,0,0,0,27-ก.ย.-61
2561,พิษณุโลก,106,106,ป่าชุมชนบ้านน้อย,น้อย,3,ท่าสะแก,ชาติตระการ,ป่าสงวนแห่งชาติป่าสวนเมี่ยง,671692,1909068,437-0-89,0,0,0,27-ก.ย.-61
2561,พิษณุโลก,107,107,ป่าชุมชนบ้านหนองบัวขาว,หนองบัวขาว,9,ท่าสะแก,ชาติตระการ,ป่าสงวนแห่งชาติป่าแดงและป่าชาติตระการ,673692,1908142,353-1-64,0,0,0,27-ก.ย.-61
2561,พิษณุโลก,108,108,ป่าชุมชนบ้านหนองชุมแสง,หนองชุมแสง,10,สวนเมี่ยง,ชาติตระการ,ป่าสงวนแห่งชาติป่าสวนเมี่ยง,662248,1902463,23-1-64,0,0,0,27-ก.ย.-61
2561,พิษณุโลก,109,109,ป่าชุมชนบ้านหัวเขาสมอคร้า,หัวเขาสมอคร้า,8,วงฆ้อง,พรหมพิราม,,,,0,471-2-68,0,0,27-ก.ย.-61
2561,พิษณุโลก,110,110,ป่าชุมชนบ้านเนินมะขามทอง,เนินมะขามทอง,10,วงฆ้อง,พรหมพิราม,,,,0,261-2-29,0,0,27-ก.ย.-61
2561,พิษณุโลก,111,111,ป่าชุมชนบ้านหนองกวางลี้,หนองกวางลี้,8,ดอนทอง,เมือง,ป่าสงวนแห่งชาติป่าลุ่มน้ำวังทองฝั่งขวา,,,637-0-46,152-2-44,0,0,27-ก.ย.-61
2561,พิษณุโลก,112,112,ป่าชุมชนบ้านร้องยุ้งข้าว,ร้องยุ้งข้าว,9,ดอนทอง,เมือง,ป่าสงวนแห่งชาติป่าลุ่มน้ำวังทองฝั่งขวา,,,1069-3-65,78-2-89,0,0,27-ก.ย.-61
2561,พิษณุโลก,113,113,ป่าชุมชนบ้านวังนกแอ่น,วังนกแอ่น,2,วังนกแอ่น,วังทอง,ป่าสงวนแห่งชาติป่าลุ่มน้ำวังทองฝั่งซ้าย,662558,1862297,239-3-90,0,0,0,4-ก.ค.-61
2561,พิษณุโลก,114,114,ป่าชุมชนบ้านห้วยพลู,ห้วยพลู,3,แก่งโสภา,วังทอง,ป่าสงวนแห่งชาติป่าแม่น้ำเข็ก,679535,1867057,340-2-2,0,0,0,4-ก.ค.-61
2561,พิษณุโลก,115,115,ป่าชุมชนบ้านแก่งเจ็ดแคว,แก่งเจ็ดแคว,11,บ้านยาง,วัดโบสถ์,ป่าสงวนแห่งชาติป่าลุ่มน้ำวังทองฝั่งขวา,653679,1891906,39-2-59,0,0,0,4-ก.ค.-61
2561,พิษณุโลก,116,116,ป่าชุมชนบ้านหนองลวก (แปลงที่ 1-2),หนองลวก,2,คันโช้ง,วัดโบสถ์,ป่าสงวนแห่งชาติป่าสองฝั่งลำน้ำแควน้อย,645416,1905454,43-0-5,0,0,0,4-ก.ค.-61
2561,พิษณุโลก,117,117,ป่าชุมชนบ้านห้วยทรายเหนือ,ห้วยทรายเหนือ,6,ห้วยเฮี้ย,นครไทย,ป่าสงวนแห่งชาติป่าเนินเพิ่ม,710753,1866642,771-0-64,0,0,0,4-ก.ค.-61
2561,พิษณุโลก,118,118,ป่าชุมชนบ้านไร่วังเงิน (แปลงที่ 1-2),ไร่วังเงิน,24,หนองกะท้าว,นครไทย,ป่าสงวนแห่งชาติป่าเนินเพิ่ม,692640,1880470,843-2-2,0,0,0,4-ก.ค.-61
2561,พิษณุโลก,119,119,ป่าชุมชนบ้านทุ่งยาว,ทุ่งยาว,1,วังโพรง,เนินมะปราง,,675606,1806743,0,36-1-0,0,0,4-ก.ค.-61
2561,พิษณุโลก,120,120,ป่าชุมชนบ้านทรัพย์ไพรวัลย์,ทรัพย์ไพรวัลย์,7,แก่งโสภา,วังทอง,,674205,1870396,0,31-2-54,0,0,4-ก.ค.-61
2561,พิษณุโลก,121,121,ป่าชุมชนบ้านวังดินสอ (แปลงที่ 1-5),วังดินสอ,1,วังนกแอ่น,วังทอง,ป่าสงวนแห่งชาติป่าลุ่มน้ำวังทองฝั่งขวา,661437,1866190,1072-0-88,333-1-89,0,0,4-ก.ค.-61
2561,พิษณุโลก,122,122,ป่าชุมชนบ้านเนินคลี,เนินคลี,7,ชัยนาม,วังทอง,ป่าสงวนแห่งชาติป่าลุ่มน้ำวังทองฝั่งขวา,654992,1862928,522-3-63,710-1-95,0,0,4-ก.ค.-61
2562,พิษณุโลก,123,123,ป่าชุมชนบ้านหนองดู่,หนองดู่,3,วังโพรง,เนินมะปราง,ป่าสงวนแห่งชาติป่าลุ่มน้ำวังทองฝั่งซ้าย,,,105-2-76,0,0,0,25-มี.ค.-62
2562,พิษณุโลก,124,124,ป่าชุมชนบ้านหนองมะคัง,หนองมะคัง,4,ทับยายเชียง,พรหมพิราม,ป่าสงวนแห่งชาติป่าสองฝั่งลำน้ำแควน้อย,,,857-2-33,0,0,0,25-มี.ค.-62
2562,พิษณุโลก,125,125,ป่าชุมชนบ้านวังบอน,วังบอน,2,ชัยนาม,วังทอง,ป่าสงวนแห่งชาติป่าลุ่มน้ำวังทองฝั่งซ้าย,,,1141-1-96,8-0-69,0,0,25-มี.ค.-62
2562,พิษณุโลก,126,126,ป่าชุมชนบ้านท่าโปร่ง,ท่าโปร่ง,4,ชัยนาม,วังทอง,ป่าสงวนแห่งชาติป่าลุ่มน้ำวังทองฝั่งซ้าย,,,672-0-78,85-1-64,0,0,25-มี.ค.-62
2562,พิษณุโลก,127,127,ป่าชุมชนบ้านคลองนาเมี่ยง,คลองนาเมี่ยง,9,ชัยนาม,วังทอง,ป่าสงวนแห่งชาติป่าลุ่มน้ำวังทองฝั่งซ้าย,,,850-2-34,31-3-84,0,0,25-มี.ค.-62
2562,พิษณุโลก,128,128,ป่าชุมชนบ้านเนินสะอาด,เนินสะอาด,2,ท่าหมื่นราม,วังทอง,ป่าสงวนแห่งชาติป่าลุ่มน้ำวังทองฝั่งซ้าย,0664626,1845542,513-1-26,0,0,0,16-พ.ค.-62
2562,พิษณุโลก,129,129,ป่าชุมชนบ้านหนองเตาอิฐ,หนองเตาอิฐ,3,ท่าหมื่นราม,วังทอง,ป่าสงวนแห่งชาติป่าลุ่มน้ำวังทองฝั่งซ้าย,0657671,1847475,724-3-63,0,0,0,16-พ.ค.-62
2562,พิษณุโลก,130,130,ป่าชุมชนบ้านเนินมะเกลือ,เนินมะเกลือ,6,ท่าหมื่นราม,วังทอง,ป่าสงวนแห่งชาติป่าลุ่มน้ำวังทองฝั่งซ้าย,0663504,1845161,316-2-63,0,0,0,16-พ.ค.-62
2562,พิษณุโลก,131,131,ป่าชุมชนบ้านทุ่งน้อย,ทุ่งน้อย,8,ท่าหมื่นราม,วังทอง,ป่าสงวนแห่งชาติป่าลุ่มน้ำวังทองฝั่งซ้าย,0656601,1847853,354-2-72,0,0,0,16-พ.ค.-62
2562,พิษณุโลก,132,132,ป่าชุมชนบ้านป่าคาย,ป่าคาย,11,ท่าหมื่นราม,วังทอง,ป่าสงวนแห่งชาติป่าลุ่มน้ำวังทองฝั่งซ้าย,0660589,1847333,768-1-90,0,0,0,16-พ.ค.-62
2562,พิษณุโลก,133,133,ป่าชุมชนบ้านหนองหญ้าคมบาง,หนองหญ้าคมบาง,12,ท่าหมื่นราม,วังทอง,ป่าสงวนแห่งชาติป่าลุ่มน้ำวังทองฝั่งซ้าย,0662239,1846395,496-1-28,0,0,0,16-พ.ค.-62
2562,พิษณุโลก,134,134,ป่าชุมชนบ้านโป่งแค,โป่งแค,14,ท่าหมื่นราม,วังทอง,ป่าสงวนแห่งชาติป่าลุ่มน้ำวังทองฝั่งซ้าย,0665210,1845574,776-0-90,0,0,0,16-พ.ค.-62
2562,พิษณุโลก,135,135,ป่าชุมชนบ้านร้องกอก,ร้องกอก,11,นาบัว,นครไทย,นสล.,700039,1897694,0,0,45-0-0,0,16-พ.ค.-62
2562,พิษณุโลก,136,136,ป่าชุมชนบ้านเผ่าไทย,เผ่าไทย,8,ชมพู,เนินมะปราง,ป่าสงวนแห่งชาติป่าลุ่มน้ำวังทองฝั่งซ้าย,,,442-1-30,0,0,0,12-มิ.ย.-62
2562,พิษณุโลก,137,137,ป่าชุมชนบ้านเขาน้อย,เขาน้อย,4,แก่งโสภา,วังทอง,ป่าสงวนแห่งชาติป่าเขากระยาง,,,686-0-38,0,0,0,12-มิ.ย.-62
2562,พิษณุโลก,138,138,ป่าชุมชนบ้านสวนเมี่ยง,สวนเมี่ยง,1,สวนเมี่ยง,ชาติตระการ,ป่าสงวนแห่งชาติป่าสวนเมี่ยง,,,209-3-90,0,0,0,5-ก.ย.-62
2562,พิษณุโลก,139,139,ป่าชุมชนบ้านไผ่ใหญ่,ไผ่ใหญ่,10,วังนกแอ่น,วังทอง,ป่าสงวนแห่งชาติป่าลุ่มน้ำวังทองฝั่งซ้าย,,,456-0-78,0,0,0,5-ก.ย.-62
2562,พิษณุโลก,140,140,ป่าชุมชนบ้านเขาน้ำสุด,เขาน้ำสุด,6,ทับยายเชียง,พรหมพิราม,ป่าสงวนแห่งชาติป่าสองฝั่งลำน้ำแควน้อย,,,863-2-49,13-2-11,0,0,5-ก.ย.-62
2562,พิษณุโลก,141,141,ป่าชุมชนบ้านหนองสลุง,หนองสลุง,13,ท่างาม,วัดโบสถ์,ป่าสงวนแห่งชาติป่าสองฝั่งลำน้ำแควน้อย,,,348-3-62,0,0,0,5-ก.ย.-62
2562,พิษณุโลก,142,142,ป่าชุมชนบ้านซำเตย,ซำเตย,2,ดินทอง,วังทอง,ป่าสงวนแห่งชาติป่าลุ่มน้ำวังทองฝั่งซ้าย,,,593-1-93,34-1-11,0,0,5-ก.ย.-62
2562,พิษณุโลก,143,143,ป่าชุมชนเขาสมอแคลง,โรงบ่ม,11,วังทอง,วังทอง,,,,0,1107-2-40,0,0,5-ก.ย.-62
2562,พิษณุโลก,144,144,ป่าชุมชนบ้านเขาฟ้า,เขาฟ้า,13,ดอนทอง,เมือง,ป่าสงวนแห่งชาติป่าลุ่มน้ำวังทองฝั่งขวา,,,2118-0-97,0,0,0,5-ก.ย.-62
2562,พิษณุโลก,145,145,ป่าชุมชนบ้านเขาไร่ (แปลงที่1-2),เขาไร่,9,บ้านป่า,เมือง,ป่าสงวนแห่งชาติป่าสองฝั่งลำน้ำแควน้อย,,,1020-0-86,55-2-93,0,0,5-ก.ย.-62
2562,พิษณุโลก,146,146,ป่าชุมชนบ้านผารังหมี,ผารังหมี,3,ไทรย้อย,เนินมะปราง,ป่าสงวนแห่งชาติป่าลุ่มน้ำวังทองฝั่งซ้าย,,,10-3-35,0,0,0,5-ก.ย.-62
2562,พิษณุโลก,147,147,ป่าชุมชนบ้านพัฒนาดงน้อย,พัฒนาดงน้อย,5,บ้านน้อยซุ้มขี้เหล็ก,เนินมะปราง,ป่าสงวนแห่งชาติป่าลุ่มน้ำวังทองฝั่งซ้าย,,,258-1-18,0,0,0,5-ก.ย.-62
2562,พิษณุโลก,148,148,ป่าชุมชนบ้านนาโพธิ์,นาโพธิ์,1,หนองกะท้าว,นครไทย,ป่าสงวนแห่งชาติป่าเนินเพิ่ม,698744,1883618,701-0-18,0,0,0,21-พ.ย.-62
2562,พิษณุโลก,149,149,ป่าชุมชนบ้านบุ่ง (แปลงที่1-2),บุ่ง,18,หนองกะท้าว,นครไทย,ป่าสงวนแห่งชาติป่าเนินเพิ่ม,696850,1879078,2481-2-22,0,0,0,21-พ.ย.-62
2562,พิษณุโลก,150,150,ป่าชุมชนบ้านหนองตะแบก,หนองตะแบก,4,ดินทอง,วังทอง,ป่าสงวนแห่งชาติป่าลุ่มน้ำวังทองฝั่งซ้าย,656272,1849229,902-3-32,0,0,0,21-พ.ย.-62
2562,พิษณุโลก,151,151,ป่าชุมชนบ้านดินทองพัฒนา,ดินทองพัฒนา,11,ดินทอง,วังทอง,ป่าสงวนแห่งชาติป่าลุ่มน้ำวังทองฝั่งซ้าย,654894,1853902,360-0-22,0,0,0,21-พ.ย.-62
2562,พิษณุโลก,152,152,ป่าชุมชนบ้านนาพราน,นาพราน,5,บ้านกลาง,วังทอง,ป่าสงวนแห่งชาติป่าลุ่มน้ำวังทองฝั่งขวา และ ป่าสงวนแห่งชาติป่าเขากระยาง,,,627-1-21,0,0,0,21-พ.ย.-62
2562,พิษณุโลก,153,153,ป่าชุมชนบ้านซำหวาย (แปลงที่1-2),ซำหวาย,10,บ้านกลาง,วังทอง,ป่าสงวนแห่งชาติป่าลุ่มน้ำวังทองฝั่งขวา และ ป่าสงวนแห่งชาติป่าเขากระยาง,664441,1886238,584-2-70,0,0,0,21-พ.ย.-62
2562,พิษณุโลก,154,154,ป่าชุมชนบ้านซำต้อง (แปลงที่1-2),ซำต้อง,16,บ้านกลาง,วังทอง,ป่าสงวนแห่งชาติป่าลุ่มน้ำวังทองฝั่งขวา,663214,1891867,293-0-31,0,0,0,21-พ.ย.-62
2562,พิษณุโลก,155,155,ป่าชุมชนบ้านแก่งทุ่ง,แก่งทุ่ง,4,บ่อโพธิ์,นครไทย,ป่าสงวนแห่งชาติป่าเนินเพิ่ม,707007,1901039,2843-3-0,0,0,0,21-พ.ย.-62
2562,พิษณุโลก,156,156,ป่าชุมชนบ้านสัมพันธ์,สัมพันธ์,10,ห้วยเฮี้ย,นครไทย,ป่าสงวนแห่งชาติป่าเนินเพิ่ม,693685,1873697,51-0-26,0,0,0,21-พ.ย.-62
2562,พิษณุโลก,157,157,ป่าชุมชนบ้านดงงูใหม่ (แปลงที่1-2),ดงงูใหม่,8,เนินมะปราง,เนินมะปราง,ป่าสงวนแห่งชาติป่าลุ่มน้ำวังทองฝั่งซ้าย,675832,1837578,92-2-91,0,0,0,21-พ.ย.-62
2562,พิษณุโลก,158,158,ป่าชุมชนบ้านเขาเขียว,เขาเขียว,5,วังโพรง,เนินมะปราง,ป่าสงวนแห่งชาติป่าลุ่มน้ำวังทองฝั่งซ้าย,681632,1815057,1078-0-3,502-2-35,0,0,21-พ.ย.-62
2562,พิษณุโลก,159,159,ป่าชุมชนบ้านป่าปอบิด (แปลงที่1-2),ป่าปอบิด,10,บ่อโพธิ์,นครไทย,ป่าสงวนแห่งชาติป่าเนินเพิ่ม,711477,1903885,2223-1-95,823-0-29,0,0,21-พ.ย.-62
2562,พิษณุโลก,160,160,ป่าชุมชนบ้านโพธิ์เจริญ,โพธิ์เจริญ,23,หนองกะท้าว,นครไทย,ป่าสงวนแห่งชาติป่าเนินเพิ่ม,699456,1885797,2368-3-19,8-0-34,0,0,21-พ.ย.-62
2562,พิษณุโลก,161,161,ป่าชุมชนบ้านนาจาน (แปลงที่1-3),นาจาน,2,หนองกะท้าว,นครไทย,ป่าสงวนแห่งชาติป่าเนินเพิ่ม,694672,1881409,257-1-10,701-0-24,0,0,21-พ.ย.-62
2562,พิษณุโลก,162,162,ป่าชุมชนบ้านใหม่ชัยเจริญ,ใหม่ชัยเจริญ,6,บ้านกลาง,วังทอง,ป่าสงวนแห่งชาติป่าลุ่มน้ำวังทองฝั่งขวา และป่าสงวนแห่งชาติป่าเขากระยาง,668355,1888352,530-2-84,0,0,0,21-พ.ย.-62
2562,พิษณุโลก,163,163,ป่าชุมชนบ้านน้ำยาง (แปลงที่1-2),น้ำยาง,7,บ้านกลาง,วังทอง,ป่าสงวนแห่งชาติป่าลุ่มน้ำวังทองฝั่งขวา และ ป่าสงวนแห่งชาติป่าเขากระยาง,671490,1877511,730-3-83,0,0,0,21-พ.ย.-62
2562,พิษณุโลก,164,164,ป่าชุมชนบ้านใหม่พนมทอง,ใหม่พนมทอง,11,บ้านกลาง,วังทอง,ป่าสงวนแห่งชาติป่าลุ่มน้ำวังทองฝั่งขวา,660367,1883507,6629-2-34,0,0,0,21-พ.ย.-62
2562,พิษณุโลก,165,165,ป่าชุมชนบ้านทุ่งเอี้ยง (แปลงที่1-2),ทุ่งเอี้ยง,12,บ้านกลาง,วังทอง,ป่าสงวนแห่งชาติป่าเขากระยาง,674228,1875835,145-2-8,0,0,0,21-พ.ย.-62
2562,พิษณุโลก,166,166,ป่าชุมชนบ้านซำทองพัฒนา (แปลงที่1-2),ซำทองพัฒนา,13,บ้านกลาง,วังทอง,ป่าสงวนแห่งชาติป่าเขากระยาง(แปลงที่1) และป่าสงวนแห่งชาติป่าลุ่มน้ำวังทองฝั่งขวา(แปลงที่2),668194,1889799,224-1-30,0,0,0,21-พ.ย.-62
2562,พิษณุโลก,167,167,ป่าชุมชนบ้านป่าขนุน (แปลงที่1-2),ป่าขนุน,14,บ้านกลาง,วังทอง,ป่าสงวนแห่งชาติป่าลุ่มน้ำวังทองฝั่งขวา,657335,1888356,1546-2-7,0,0,0,21-พ.ย.-62
2562,พิษณุโลก,168,168,ป่าชุมชนบ้านเขาชี,เขาชี,15,บ้านกลาง,วังทอง,ป่าสงวนแห่งชาติป่าเขากระยาง ป่าสงวนแห่งชาติป่าลุ่มน้ำวังทองฝั่งขวา,670018,1881090,137-1-89,0,0,0,21-พ.ย.-62
2562,พิษณุโลก,169,169,ป่าชุมชนบ้านนาเหนือ (แปลงที่1-3),นาเหนือ,19,บ้านกลาง,วังทอง,ป่าสงวนแห่งชาติป่าลุ่มน้ำวังทองฝั่งขวา,666297,1881701,87-1-25,0,0,0,21-พ.ย.-62
2562,พิษณุโลก,170,170,ป่าชุมชนบ้านไพรงาม,ไพรงาม,23,บ้านกลาง,วังทอง,ป่าสงวนแห่งชาติป่าลุ่มน้ำวังทองฝั่งขวา,662683,1879601,798-0-16,0,0,0,21-พ.ย.-62
2562,พิษณุโลก,171,171,ป่าชุมชนบ้านใหม่ชัยมงคล (แปลงที่1-2),ใหม่ชัยมงคล,24,บ้านกลาง,วังทอง,ป่าสงวนแห่งชาติป่าลุ่มน้ำวังทองฝั่งขวา และ ป่าสงวนแห่งชาติป่าเขากระยาง,667274,1886790,18-3-88,0,0,0,21-พ.ย.-62
2562,พิษณุโลก,172,172,ป่าชุมชนบ้านโคกใหญ่,โคกใหญ่,6,สวนเมี่ยง,ชาติตระการ,ป่าสงวนแห่งชาติป่าสวนเมี่ยง,666895,1898074,28-2-16,0,0,0,21-พ.ย.-62
2562,พิษณุโลก,173,173,ป่าชุมชนบ้านแก่งบัวคำ,แก่งบัวคำ,7,สวนเมี่ยง,ชาติตระการ,ป่าสงวนแห่งชาติป่าสวนเมี่ยง,669168,1894504,22-2-61,0,0,0,21-พ.ย.-62
2562,พิษณุโลก,174,174,ป่าชุมชนบ้านเนินหนองบัว (แปลงที่1-3),เนินหนองบัว,9,สวนเมี่ยง,ชาติตระการ,ป่าสงวนแห่งชาติป่าสวนเมี่ยง ป่าสงวนแห่งชาติป่าสองฝั่งลำน้ำแควน้อย,661916,1904263,299-3-32,0,0,0,21-พ.ย.-62
2562,พิษณุโลก,175,175,ป่าชุมชนบ้านนาชาน,นาชาน,2,บ้านดง,ชาติตระการ,ป่าสงวนแห่งชาติป่าดงตีนตก,658684,1922366,1020-2-12,0,0,0,21-พ.ย.-62
2562,พิษณุโลก,176,176,ป่าชุมชนบ้านน้ำตาก (แปลงที่1-4),น้ำตาก,17,หนองกะท้าว,นครไทย,ป่าสงวนแห่งชาติป่าเขากระยาง,675844,1891277,1069-1-37,0,0,0,21-พ.ย.-62
2562,พิษณุโลก,177,177,ป่าชุมชนบ้านน้ำดั้น,น้ำดั้น,21,หนองกะท้าว,นครไทย,ป่าสงวนแห่งชาติป่าเขากระยาง,673673,1883089,65-0-0,0,0,0,21-พ.ย.-62
2562,พิษณุโลก,178,178,ป่าชุมชนบ้านนาทุ่งใหญ่,นาทุ่งใหญ่,1,นครชุม,นครไทย,ป่าสงวนแห่งชาติป่าน้ำภาคและป่าลำแควน้อยฝั่งซ้าย,696756,1915613,680-0-22,0,0,0,21-พ.ย.-62
2562,พิษณุโลก,179,179,ป่าชุมชนบ้านนาลานข้าว,นาลานข้าว,2,นครชุม,นครไทย,ป่าสงวนแห่งชาติป่าน้ำภาคและป่าลำแควน้อยฝั่งซ้าย,694887,1913798,939-3-97,0,0,0,21-พ.ย.-62
2562,พิษณุโลก,180,180,ป่าชุมชนบ้านโนนนาซอน,โนนนาซอน,4,นครชุม,นครไทย,ป่าสงวนแห่งชาติป่าน้ำภาคและป่าลำแควน้อยฝั่งซ้าย,693777,1912698,254-0-99,0,0,0,21-พ.ย.-62
2562,พิษณุโลก,181,181,ป่าชุมชนบ้านนาตาด,นาตาด,8,นครชุม,นครไทย,ป่าสงวนแห่งชาติป่าน้ำภาคและป่าลำแควน้อยฝั่งซ้าย,697224,1916109,19-0-0,0,0,0,21-พ.ย.-62
2562,พิษณุโลก,182,182,ป่าชุมชนบ้านนาวงฆ้อง,นาวงฆ้อง,1,น้ำกุ่ม,นครไทย,ป่าสงวนแห่งชาติป่าน้ำภาคและป่าลำแควน้อยฝั่งซ้าย,697492,1917170,84-1-81,0,0,0,21-พ.ย.-62
2562,พิษณุโลก,183,183,ป่าชุมชนบ้านน้ำกุ่ม,น้ำกุ่ม,2,น้ำกุ่ม,นครไทย,ป่าสงวนแห่งชาติป่าน้ำภาคและป่าลำแควน้อยฝั่งซ้าย,697294,1918893,169-0-94,0,0,0,21-พ.ย.-62
2562,พิษณุโลก,184,184,ป่าชุมชนบ้านโปร่งเบี้ย,โปร่งเบี้ย,3,น้ำกุ่ม,นครไทย,ป่าสงวนแห่งชาติป่าน้ำภาคและป่าลำแควน้อยฝั่งซ้าย,697608,1919341,195-1-35,0,0,0,21-พ.ย.-62
2562,พิษณุโลก,185,185,ป่าชุมชนบ้านบุ่งผลำ (แปลงที่1-2),บุ่งผลำ,7,น้ำกุ่ม,นครไทย,ป่าสงวนแห่งชาติป่าน้ำภาคและป่าลำแควน้อยฝั่งซ้าย,694971,1928914,2177-0-84,0,0,0,21-พ.ย.-62
2562,พิษณุโลก,186,186,ป่าชุมชนบ้านน้ำโจน,น้ำโจน,4,คันโช้ง,วัดโบสถ์,ป่าตามพระราชบัญญัติป่าไม้ พุทธศํกราช 2484,655386,1899925,0,399-2-92,0,0,21-พ.ย.-62
2562,พิษณุโลก,187,187,ป่าชุมชนบ้านนาหล่ม,นาหล่ม,4,บ้านดง,ชาติตระการ,ป่าสงวนแห่งชาติป่าโป่งแค ป่าสงวนแห่งชาติป่าดงตีนตก ป่าไม้ถาวรตามมติคณะรัฐมนตรี ป่าหมายเลข (๒),655495,1920556,1750-0-4,0,0,6679-1-71,21-พ.ย.-62
2562,พิษณุโลก,188,188,ป่าชุมชนบ้านน้ำเลา (แปลงที่1-2),น้ำเลา,2,บ่อโพธิ์,นครไทย,ป่าสงวนแห่งชาติป่าเนินเพิ่ม,712815,1901280,3050-0-30,533-0-49,0,0,21-พ.ย.-62
2562,พิษณุโลก,189,189,ป่าชุมชนบ้านป่าบง (แปลงที่1-2),ป่าบง,8,บ่อโพธิ์,นครไทย,ป่าสงวนแห่งชาติป่าเนินเพิ่ม,713472,1902080,1935-0-34,99-1-69,0,0,21-พ.ย.-62
2562,พิษณุโลก,190,190,ป่าชุมชนบ้านชุมแสง (แปลงที่1-2),ชุมแสง,9,บ้านกลาง,วังทอง,ป่าสงวนแห่งชาติป่าลุ่มน้ำวังทองฝั่งขวา,665797,1876344,890-0-26,11-3-92,0,0,21-พ.ย.-62
2562,พิษณุโลก,191,191,ป่าชุมชนบ้านบางยางพัฒนา (แปลงที่1-3),บางยางพัฒนา,16,หนองกะท้าว,นครไทย,ป่าสงวนแห่งชาติป่าเขากระยาง,681930,1894886,1086-0-70,211-1-61,0,0,21-พ.ย.-62
2562,พิษณุโลก,192,192,ป่าชุมชนบ้านวังยาง,วังยาง,6,วังยาง,เนินมะปราง,ป่าสงวนแห่งชาติป่าลุ่มน้ำวังทองฝั่งซ้าย และ ป่าไม้ถาวรตามมติคณะรัฐมนตรี ป่าหมายเลข (๒),684359,1823454,824-3-83,0,0,784-3-71,21-พ.ย.-62
2562,พิษณุโลก,193,193,ป่าชุมชนบ้านหินลาด (แปลงที่1-2),หินลาด,2,หินลาด,วัดโบสถ์,ป่าสงวนแห่งชาติป่าสองฝั่งลำน้ำแควน้อย,641035,1897612,1788-2-75,2303-1-56,0,0,21-พ.ย.-62
2562,พิษณุโลก,194,194,ป่าชุมชนบ้านหนองไผ่ (แปลงที่1-2),หนองไผ่,9,หินลาด,วัดโบสถ์,ป่าสงวนแห่งชาติป่าสองฝั่งลำน้ำแควน้อย,643903,1894525,2825-0-43,460-2-47,0,0,21-พ.ย.-62
2562,พิษณุโลก,195,195,ป่าชุมชนบ้านป่าแดง (แปลงที่1-2),ป่าแดง,4,ดงประคำ,พรหมพิราม,ป่าสงวนแห่งชาติป่าสองฝั่งลำน้ำแควน้อย,633684,1901078,241-3-41,2225-0-98,0,0,21-พ.ย.-62
2562,พิษณุโลก,196,196,ป่าชุมชนบ้านวังกระบาก (แปลงที่1-2),วังกระบาก,19,วังนกแอ่น,วังทอง,ป่าสงวนแห่งชาติป่าลุ่มน้ำวังทองฝั่งขวา,664335,1863085,855-2-89,908-2-48,0,0,21-พ.ย.-62
2562,พิษณุโลก,197,197,ป่าชุมชนบ้านน้อยเหนือ,น้อยเหนือ,6,หินลาด,วัดโบสถ์,ป่าตามพระราชบัญญัติป่าไม้ พุทธศักราช 2484 และ หนังสือสำคัญสำหรับที่หลวงฯ,643358,1900167,0,332-3-87,71-0-99,0,21-พ.ย.-62
2562,พิษณุโลก,198,198,ป่าชุมชนบ้านท่าสวนยา,ท่าสวนยา,8,บ้านดง,ชาติตระการ,ป่าสงวนแห่งชาติป่าดงตีนตก และ ป่าสงวนแห่งชาติป่าโป่งแค,657998,1921956,1921-1-30,1011-2-60,0,0,21-พ.ย.-62
2562,พิษณุโลก,199,199,ป่าชุมชนบ้านน้ำทองน้อย,น้ำทองน้อย,9,บ้านดง,ชาติตระการ,ป่าสงวนแห่งชาติป่าดงตีนตก,660958,1918791,4865-0-75,0,0,0,21-พ.ย.-62
2562,พิษณุโลก,200,200,ป่าชุมชนบ้านห้วยน้ำเย็น,ห้วยน้ำเย็น,12,บ้านดง,ชาติตระการ,ป่าสงวนแห่งชาติป่าโป่งแค,650545,1917652,4987-0-70,0,0,0,21-พ.ย.-62
2562,พิษณุโลก,201,201,ป่าชุมชนบ้านชำนาญจุ้ย,ชำนาญจุ้ย,9,บ่อภาค,ชาติตระการ,ป่าไม้ถาวรตามมติคณะรัฐมนตรีป่าลำน้ำแควน้อย,703760,1952908,0,0,0,745-3-44,21-พ.ย.-62
2562,พิษณุโลก,202,202,ป่าชุมชนบ้านหนองทับเรือ,หนองทับเรือ,14,ชมพู,เนินมะปราง,ป่าสงวนแห่งชาติป่าลุ่มน้ำวังทองฝั่งซ้าย,673402,1841677,14-1-12,709-1-92,0,0,21-พ.ย.-62
2562,พิษณุโลก,203,203,ป่าชุมชนบ้านหนองหิน,หนองหิน,11,พันชาลี,วังทอง,ป่าสงวนแห่งชาติป่าลุ่มน้ำวังทองฝั่งซ้าย,664333,1836407,38-0-0,0,0,0,21-พ.ย.-62
2562,พิษณุโลก,204,204,ป่าชุมชนบ้านทรัพย์โสภา,ทรัพย์โสภา,9,ห้วยเฮี้ย,นครไทย,ป่าสงวนแห่งชาติป่าเนินเพิ่ม,702146,1872963,639-2-85,0,0,0,21-พ.ย.-62
2562,พิษณุโลก,205,205,ป่าชุมชนบ้านห้วยน้ำปลา,ห้วยน้ำปลา,3,บ้านดง,ชาติตระการ,ป่าสงวนแห่งชาติป่าคลองตรอนฝั่งซ้าย และ ป่าสงวนแห่งชาติป่าดงตีนตก,660488,1924992,129-1-57,0,0,0,21-พ.ย.-62
2562,พิษณุโลก,206,206,ป่าชุมชนบ้านลาดเรือ,ลาดเรือ,3,บ่อภาค,ชาติตระการ,ป่าสงวนแห่งชาติป่าน้ำภาคและป่าลำแควน้อยฝั่งซ้าย,689781,1931051,410-0-42,0,0,0,21-พ.ย.-62
2562,พิษณุโลก,207,207,ป่าชุมชนบ้านบ่อภาคใต้,บ่อภาคใต้,5,บ่อภาค,ชาติตระการ,ป่าสงวนแห่งชาติป่าน้ำภาคและป่าลำแควน้อยฝั่งซ้าย,694733,1946216,1492-2-74,0,0,0,21-พ.ย.-62
2562,พิษณุโลก,208,208,ป่าชุมชนบ้านเทอดชาติ,เทอดชาติ,10,บ่อภาค,ชาติตระการ,ป่าสงวนแห่งชาติป่าลุ่มน้ำภาคและป่าลำแควน้อยฝั่งซ้าย และ ป่าไม้ถาวรตามมติคณะรัฐมนตรีป่าลำน้ำแควน้อย,699698,1948646,25-2-9,0,0,2209-2-3,21-พ.ย.-62
2562,พิษณุโลก,209,209,ป่าชุมชนบ้านรักไทย,รักไทย,6,บ่อภาค,ชาติตระการ,ป่าไม้ถาวรตามมติคณะรัฐมนตรีป่าลำน้ำแควน้อย,702913,1956706,0,0,0,405-0-66,21-พ.ย.-62
2562,พิษณุโลก,210,210,ป่าชุมชนบ้านเนินกะบาก,เนินกะบาก,4,เนินมะปราง,เนินมะปราง,ป่าสงวนแห่งชาติป่าลุ่มน้ำวังทองฝั่งซ้าย,674120,1833435,43-0-19,0,0,0,21-พ.ย.-62
2562,พิษณุโลก,211,211,ป่าชุมชนบ้านเนินดิน (แปลงที่1-3),เนินดิน,5,เนินมะปราง,เนินมะปราง,ป่าสงวนแห่งชาติป่าลุ่มน้ำวังทองฝั่งซ้าย,677083,1832679,109-3-91,14-1-69,0,0,21-พ.ย.-62
2562,พิษณุโลก,212,212,ป่าชุมชนบ้านพุกระโดน (แปลงที่1-2),พุกระโดน,1,ไทรย้อย,เนินมะปราง,ป่าตามพระราชบัญญัติป่าไม้ พุทธศํกราช 2484,669987,1819918,0,35-1-87,0,0,21-พ.ย.-62
2562,พิษณุโลก,213,213,ป่าชุมชนบ้านนุชเทียน,นุชเทียน,7,บ่อภาค,ชาติตระการ,ป่าไม้ถาวรตามมติคณะรัฐมนตรีป่าลำน้ำแควน้อย,704057,1954134,0,0,0,93-0-25,21-พ.ย.-62
2562,พิษณุโลก,214,214,ป่าชุมชนบ้านรักชาติ,รักชาติ,14,บ่อภาค,ชาติตระการ,ป่าสงวนแห่งชาติป่าน้ำภาคและป่าลำแควน้อยฝั่งซ้าย,693400,1944110,1172-2-73,0,0,0,21-พ.ย.-62
2562,พิษณุโลก,215,215,ป่าชุมชนบ้านหนองกาดำ (แปลงที่1-2),หนองกาดำ,5,พันชาลี,วังทอง,ป่าสงวนแห่งชาติป่าลุ่มน้ำวังทองฝั่งซ้าย,662939,1835602,17-0-65,0,0,0,21-พ.ย.-62
2562,พิษณุโลก,216,216,ป่าชุมชนบ้านเกษตรสุข,เกษตรสุข,17,ไทรย้อย,เนินมะปราง,ป่าสงวนแห่งชาติป่าลุ่มน้ำวังทองฝั่งซ้าย,676400,1822229,14-0-72,0,0,0,21-พ.ย.-62
2562,พิษณุโลก,217,217,ป่าชุมชนบ้านหนองมะต้อง,หนองมะต้อง,16,ไทรย้อย,เนินมะปราง,ป่าสงวนแห่งชาติป่าลุ่มน้ำวังทองฝั่งซ้าย,679324,1820983,46-2-20,0,0,0,21-พ.ย.-62
2562,พิษณุโลก,218,218,ป่าชุมชนบ้านเขาดิน,เขาดิน,5,ไทรย้อย,เนินมะปราง,ป่าสงวนแห่งชาติป่าลุ่มน้ำวังทองฝั่งซ้าย,660488,1924992,14-0-55,0,0,0,21-พ.ย.-62
2562,พิษณุโลก,219,219,ป่าชุมชนบ้านบ่อภาคเหนือ,บ่อภาคเหนือ,4,บ่อภาค,ชาติตระการ,ป่าสงวนแห่งชาติป่าน้ำภาคและป่าลำแควน้อยฝั่งซ้าย,694640,1939552,2015-0-15,0,0,0,21-พ.ย.-62
2562,พิษณุโลก,220,220,ป่าชุมชนบ้านเนินต้อง,เนินต้อง,16,บ้านดง,ชาติตระการ,ป่าสงวนแห่งชาติป่าดงตีนตก,660727,1918821,478-0-3,0,0,0,21-พ.ย.-62
2558,เพชรบูรณ์,1,1,ป่าชุมชนบ้านผาทอง,ผาทอง,8,พุทธบาท,ชนแดน,ป่าสงวนแห่งชาติป่าวังโป่ง ป่าชนแดนและป่าวังกำแพง,693929,1797156,267-0-0,0,0,0,31-ส.ค.-58
2558,เพชรบูรณ์,2,2,ป่าชุมชนบ้านห้วยตูมใต้,ห้วยตูมใต้,17,พุทธบาท,ชนแดน,ป่าสงวนแห่งชาติป่าวังโป่ง ป่าชนแดนและป่าวังกำแพง,706767,1791230,295-0-0,0,0,0,31-ส.ค.-58
2558,เพชรบูรณ์,3,3,ป่าชุมชนบ้านลาดน้อย,ลาดน้อย,13,พุทธบาท,ชนแดน,ป่าสงวนแห่งชาติป่าวังโป่ง ป่าชนแดนและป่าวังกำแพง,0708623,1798848,284-0-0,0,0,0,31-ส.ค.-58
2558,เพชรบูรณ์,4,4,ป่าชุมชนบ้านกกจั่น,กกจั่น,6,พุทธบาท,ชนแดน,ป่าสงวนแห่งชาติป่าวังโป่ง ป่าชนแดนและป่าวังกำแพง,,,529-0-0,0,0,0,31-ส.ค.-58
2558,เพชรบูรณ์,5,5,ป่าชุมชนบ้านผาทองใต้,ผาทองใต้,28,พุทธบาท,ชนแดน,ป่าสงวนแห่งชาติป่าวังโป่ง ป่าชนแดนและป่าวังกำแพง,701551,1806318,398-0-0,0,0,0,31-ส.ค.-58
2558,เพชรบูรณ์,6,6,ป่าชุมชนบ้านเนินสวรรค์,เนินสวรรค์,12,วังหิน,วังโป่ง,ป่าสงวนแห่งชาติป่าวังโป่ง ป่าชนแดนและป่าวังกำแพง,683646,1813826,1420-0-0,0,0,0,31-ส.ค.-58
2558,เพชรบูรณ์,7,7,ป่าชุมชนบ้านบ่อทองพัฒนา,บ่อทองพัฒนา,11,ท้ายดง,วังโป่ง,,,,0,28-0-0,0,0,31-ส.ค.-58
2559,เพชรบูรณ์,8,8,ป่าชุมชนบ้านซำเรียง,ซำเรียง,8,น้ำร้อน,เมือง,ป่าสงวนแห่งชาติป่าห้วยทินและป่าคลองตีบ, 0730312,1801270,1675-0-0,0,0,0,20-พ.ย.-58
2559,เพชรบูรณ์,9,9,ป่าพื้นบ้านอาหารชุมชนบ้านนาข้าวดอ (ป่าชุมชนบ้านนาข้าวดอ),นาข้าวดอ,5,วังโบสถ์,หนองไผ่,, 0729152,1776091,0,0,112-0-0,0,20-พ.ย.-58
2559,เพชรบูรณ์,10,10,ป่าพื้นบ้านอาหารชุมชนบ้านนาข้าวดอ (ป่าชุมชนบ้านอีสานสามัคคี),อีสานสามัคคี,8,วังโบสถ์,หนองไผ่,, 0729276,1774318,0,0,337-0-0,0,20-พ.ย.-58
2559,เพชรบูรณ์,11,11,ป่าชุมชนบ้านมุกโต,มุกโต,3,หนองแม่นา,เขาค้อ,ป่าสงวนแห่งชาติป่าเขาปางก่อและป่าวังชมภู,0704932,1833321,2494-0-0,0,0,0,20-พ.ย.-58
2559,เพชรบูรณ์,12,12,ป่าชุมชนบ้านห้วยตลาด,ห้วยตลาด,7,ท่าด้วง,หนองไผ่,ป่าสงวนแห่งชาติป่าลำกงและป่าคลองตะโก,0746629,1771766,24-0-0,0,0,0,20-พ.ย.-58
2559,เพชรบูรณ์,13,13,ป่าชุมชนบ้านมิตรใหม่,มิตรใหม่,9,ตะเบาะ,เมือง,ป่าสงวนแห่งชาติป่าห้วยทินและป่าคลองตีบ,0739252,1807326,1375-0-0,0,0,0,20-พ.ย.-58
2559,เพชรบูรณ์,14,14,ป่าชุมชนบ้านไร่ยาน,ไร่ยาน,10,ตะเบาะ,เมือง,ป่าสงวนแห่งชาติป่าห้วยทินและป่าคลองตีบ,0741645,1804861,3046-0-0,0,0,0,20-พ.ย.-58
2559,เพชรบูรณ์,15,15,ป่าชุมชนบ้านนาดง,นาดง,2,บ้านหวาย,หล่มสัก,,0745552,1855849,0,462-0-0,0,0,20-พ.ย.-58
2559,เพชรบูรณ์,16,16,ป่าชุมชนบ้านโนนสาวเอ้,โนนสาวเอ้,7,บ้านหวาย,หล่มสัก,,074412,1854294,0,479-0-0,0,0,20-พ.ย.-58
2559,เพชรบูรณ์,17,17,ป่าชุมชนบ้านนาประดู่,นาประดู่,9,วังท่าดี,หนองไผ่,,0737099,1770825,0,32-0-0,0,0,20-พ.ย.-58
2559,เพชรบูรณ์,18,18,ป่าชุมชนบ้านประชาสุขสันต์,ประชาสุขสันต์,7,ทุ่งสมอ,เขาค้อ,, 0714538,1850842,0,68-2-62,0,0,29-มิ.ย.-59
2560,เพชรบูรณ์,19,19,ป่าชุมชนบ้านธารทิพย์ (เขาสองนาง),ธารทิพย์,11,บุ่งน้ำเต้า,หล่มสัก,ป่าสงวนแห่งชาติป่าเขาโปลกหล่น, 0728299,1843214,532-3-42,0,0,0,7-ก.พ.-60
2560,เพชรบูรณ์,20,20,ป่าพื้นบ้านอาหารชมุชนบ้านหลักด่าน (ป่าชุมชนบ้านหลักด่าน) แปลงที่ 1-4,หลักด่าน,2,หลักด่าน,น้ำหนาว,"แปลงที่ 1,2และ 4 ป่าสงวนแห่งชาติป่าน้ำหนาว , แปลงที่ 3 ป่าสงวนแห่งชาติป่าน้ำหนาวและป่าลุ่มน้ำป่าสัก",0763425,1877025,2388-2-64,0,0,0,7-ก.พ.-60
2560,เพชรบูรณ์,21,21,ป่าชุมชนบ้านโนนดู่,โนนดู่,6,บ่อไทย,หนองไผ่,ป่าสงวนแห่งชาติป่าห้วยทินและป่าคลองตืบ,0737011,1782740,727-3-2,0,0,0,7-ก.พ.-60
2560,เพชรบูรณ์,22,22,ป่าชุมชนบ้านวังอ่าง,วังอ่าง,4,บัววัฒนา,หนองไผ่,ป่าสงวนแห่งชาติป่าสองข้างทางสายชัยวิบูลย์, 0711286,1766924,69-3-51,0,0,0,7-ก.พ.-60
2560,เพชรบูรณ์,23,23,ป่าชุมชนบ้านเรืองสำราญ,เรืองสำราญ,12,เพชรละคร,หนองไผ่,, 0727524,1759263,0,0,27-3-33,0,7-ก.พ.-60
2560,เพชรบูรณ์,24,24,ป่าชุมชนบ้านถ้ำสมบัติ,ถ้ำสมบัติ,8,บุ่งน้ำเต้า,หล่มสัก,ป่าสงวนแห่งชาติป่าเขาโปลกหล่น,0728685,1845748,850-3-45,0,0,0,7-ก.พ.-60
2560,เพชรบูรณ์,25,25,ป่าชุมชนบ้านสระแก้ว,สระแก้ว,10,เพชรละคร,หนองไผ่,,0730820,1759865,0,0,383-0-38,0,7-ก.พ.-60
2560,เพชรบูรณ์,26,26,ป่าชุมชนบ้านเล่ากี่,เล่ากี่,5,สะเดาะพง,เขาค้อ,ป่าสงวนแห่งชาติป่าเขาปางก่อและป่าวังชมภู, 0712816,1830779,214-2-43,0,0,0,8-ต.ค.-59
2560,เพชรบูรณ์,27,27,ป่าชุมชนบ้านห้วยไคร้ (แปลงที่ 1-2),ห้วยไคร้,5,ตะเบาะ,เมืองเพชรบูรณ์,ป่าสงวนแห่งชาติป่าห้วยทินและป่าคลองตืบ,0740781,1805721,337-0-60,0,0,0,7-ก.พ.-60
2560,เพชรบูรณ์,28,28,ป่าชุมชนบ้านซำบอน,ซำบอน,8,ห้วยใหญ่,เมืองเพชรบูรณ์,ป่าสงวนแห่งชาติป่าตะเบาะและป่าห้วยใหญ่, 0746120,1826697,378-3-13,0,0,0,21-มิ.ย.-60
2560,เพชรบูรณ์,29,29,ป่าชุมชนบ้านวังกวาง,วังกวาง,2,วังกวาง,น้ำหนาว,ป่าสงวนแห่งชาติป่าน้ำหนาว,0782679,1872230,363-1-0,0,0,0,7-ก.พ.-60
2560,เพชรบูรณ์,30,30,ป่าชุมชนบ้านห้วยหินลับ (แปลงที่ 1-2),ห้วยหินลับ,4,วังกวาง,น้ำหนาว,ป่าสงวนแห่งชาติป่าน้ำหนาว,0780610,1867517,172-1-85,0,0,0,7-ก.พ.-60
2560,เพชรบูรณ์,31,31,ป่าชุมชนบ้านห้วยกะโป๊ะ,ห้วยกะโป๊ะ,6,หลักด่าน,น้ำหนาว,ป่าสงวนแห่งชาติป่าน้ำหนาว,0770445,1881117,553-0-93,0,0,0,7-ก.พ.-60
2560,เพชรบูรณ์,32,32,ป่าชุมชนบ้านโนนเสาธง,โนนเสาธง,6,ตะเบาะ,เมืองเพชรบูรณ์,ป่าสงวนแห่งชาติป่าห้วยทินและป่าคลองตีบ และป่าสงวนแห่งชาติป่าตะเบาะและป่าห้วยใหญ่,742224,1809562,3175-3-59,0,0,0,7-ก.พ.-60
2560,เพชรบูรณ์,33,33,ป่าชุมชนบ้านพลำ,พลำ,9,ป่าเลา,เมืองเพชรบูรณ์,ป่าสงวนแห่งชาติป่าเขาปางก่อและป่าวังชมภู,0724645,1816145,39-0-38,0,0,0,7-ก.พ.-60
2560,เพชรบูรณ์,34,34,ป่าชุมชนบ้านยางโด่,ยางโด่,7,สระประดู่,วิเชียรบุรี,ป่าสงวนแห่งชาติป่าสองข้างทางสายชัยวิบูลย์,0721152,1727174,191-3-80,0,0,0,7-ก.พ.-60
2560,เพชรบูรณ์,35,35,ป่าชุมชนบ้านดงคล้อ,ดงคล้อ,6,วังกวาง,น้ำหนาว,,0778752,1879332,0,2391-3-1,0,0,7-ก.พ.-60
2560,เพชรบูรณ์,36,36,ป่าชุมชนบ้านซำอีเลิศ,ซำอีเลิศ,18,ท่าพล,เมืองเพชรบูรณ์,,0727557,1831408,0,0,75-3-45,0,7-ก.พ.-60
2561,เพชรบูรณ์,37,37,ป่าชุมชนบ้านแก่งยาว,แก่งยาว,6,ห้วยไร่,หล่มสัก,,743920,1862413,0,5-0-46,0,0,29-ม.ค.-61
2561,เพชรบูรณ์,38,38,ป่าพื้นบ้านอาหารชมุชนบ้านพัฒนวรพงษ์ (ป่าชุมชนบ้านพัฒนวรพงษ์) แปลงที่ 1-4,พัฒนวรพงษ์,1,ริมสีม่วง,เขาค้อ,ป่าสงวนแห่งชาติป่าเขาปางก่อและป่าวังชมภู,723295,1827865,4403-3-6,0,0,0,29-ม.ค.-61
2561,เพชรบูรณ์,39,39,ป่าพื้นบ้านอาหารชมุชนบ้านริมสีม่วง (ป่าชุมชนบ้านริมสีม่วง),ริมสีม่วง,3,ริมสีม่วง,เขาค้อ,ป่าสงวนแห่งชาติป่าเขาปางก่อและป่าวังชมภู,714953,1832275,402-0-86,0,0,0,29-ม.ค.-61
2561,เพชรบูรณ์,40,40,ป่าพื้นบ้านอาหารชมุชนบ้านเพชรช่วย (ป่าชุมชนบ้านเพชรช่วย),เพชรช่วย,4,ริมสีม่วง,เขาค้อ,ป่าสงวนแห่งชาติป่าเขาปางก่อและป่าวังชมภู,70714290,1832029,326-0-90,0,0,0,29-ม.ค.-61
2561,เพชรบูรณ์,41,41,ป่าชุมชนบ้านโคกเจริญ,โคกเจริญ,1,บ่อไทย,หนองไผ่,,733569,1774682,0,0,15-3-74,0,29-ม.ค.-61
2561,เพชรบูรณ์,42,42,ป่าชุมชนบ้านซับตะเคียนทอง,ซับตะเคียนทอง,9,เพชรละคร,หนองไผ่,,732208,1756490,0,0,418-1-85,0,29-ม.ค.-61
2561,เพชรบูรณ์,43,43,ป่าชุมชนบ้านพลำ (แปลงที่ 1-2),พลำ,6,ป่าเลา,เมืองเพชรบูรณ์,ป่าสงวนแห่งชาติป่าเขาปางก่อและป่าวังชมภู, 0725414,1816344,811-2-20,54-3-84,0,0,29-ม.ค.-61
2561,เพชรบูรณ์,44,44,ป่าชุมชนบ้านโนนตูม,โนนตูม,5,วังโป่ง,วังโป่ง,ป่าสงวนแห่งชาติป่าวังโป่ง ป่าชนแดน และป่าวังกำแพง,695561,1811021,43-3-19,0,0,0,25-เม.ย.-61
2561,เพชรบูรณ์,45,45,ป่าชุมชนบ้านเขาถ้ำพระ,เขาถ้ำพระ,6,ห้วยโป่ง,หนองไผ่,ป่าสงวนแห่งชาติป่าสองข้างทางสายชัยวิบูลย์, 0714155,1785576,2066-2-71,0,0,0,29-ม.ค.-61
2561,เพชรบูรณ์,46,46,ป่าชุมชนบ้านห้วยลาน ,ห้วยลาน,17,น้ำชุน,หล่มสัก,ป่าสงวนแห่งชาติป่าเขาโปลกหล่น, 0728650,1848472,760-0-43,0,0,0,29-ม.ค.-61
2561,เพชรบูรณ์,47,47,ป่าชุมชนบ้านห้วยลาน ,ห้วยลาน,8,น้ำชุน,หล่มสัก,ป่าสงวนแห่งชาติป่าเขาโปลกหล่น,728853,1849319,303-3-10,0,0,0,29-ม.ค.-61
2561,เพชรบูรณ์,48,48,ป่าชุมชนบ้านห้วยลาน ,ห้วยลาน,9,น้ำชุน,หล่มสัก,ป่าสงวนแห่งชาติป่าเขาโปลกหล่น,728627,1849053,1829-1-76,0,0,0,29-ม.ค.-61
2561,เพชรบูรณ์,49,49,ป่าชุมชนบ้านหนองรางช้าง (แปลงที่ 1-2),หนองรางช้าง,4,หนองแม่นา,เขาค้อ,ป่าสงวนแห่งชาติป่าเขาปางก่อและป่าวังชมภู,703755,1833806,28-2-6,0,0,0,29-ม.ค.-61
2561,เพชรบูรณ์,50,50,ป่าชุมชนบ้านวังร่อง,วังร่อง,5,ห้วยไร่,หล่มสัก,,745783,1862353,0,0,14-1-16,0,29-ม.ค.-61
2561,เพชรบูรณ์,51,51,ป่าชุมชนบ้านโนนตูมใต้,โนนตูมใต้,12,วังโป่ง,วังโป่ง,ป่าสงวนแห่งชาติป่าวังโป่ง ป่าชนแดน และป่าวังกำแพง,695449,1810193,260-3-7,0,0,0,25-เม.ย.-61
2561,เพชรบูรณ์,52,52,ป่าชุมชนบ้านยาวีเหนือ,ยาวีเหนือ,1,วังชมภู,เมืองเพชรบูรณ์,ป่าสงวนแห่งชาติป่าเขาปางก่อ และป่าวังชมภู,,,116-0-2,0,0,0,14-ส.ค.-61
2561,เพชรบูรณ์,53,53,ป่าชุมชนบ้านซับข่อย,ซับข่อย,5,วังชมภู,เมืองเพชรบูรณ์,ป่าสงวนแห่งชาติป่าห้วยน้ำโจนและป่าวังสาร,,,60-0-1,0,0,0,14-ส.ค.-61
2561,เพชรบูรณ์,54,54,ป่าชุมชนบ้านหลุง,หลุง,6,วังชมภู,เมืองเพชรบูรณ์,ป่าสงวนแห่งชาติป่าห้วยน้ำโจนและป่าวังสาร,,,338-2-44,0,0,0,14-ส.ค.-61
2561,เพชรบูรณ์,55,55,ป่าชุมชนบ้านโนนโรงเลื่อย,โนนโรงเลื่อย,9,วังชมภู,เมืองเพชรบูรณ์,ป่าสงวนแห่งชาติป่าเขาปางก่อ และป่าวังชมภู,,,314-3-68,0,0,0,14-ส.ค.-61
2561,เพชรบูรณ์,56,56,ป่าชุมชนบ้านห้วยโป่งพัฒนา,ห้วยโป่งพัฒนา,14,วังชมภู,เมืองเพชรบูรณ์,ป่าสงวนแห่งชาติป่าเขาปางก่อ และป่าวังชมภู,,,110-3-24,0,0,0,14-ส.ค.-61
2561,เพชรบูรณ์,57,57,ป่าชุมชนบ้านห้วยใหญ่,ห้วยใหญ่,2,ห้วยใหญ่,เมืองเพชรบูรณ์,ป่าสงวนแห่งชาติป่าตะเบาะและป่าห้วยใหญ่,,,419-0-26,0,0,0,14-ส.ค.-61
2561,เพชรบูรณ์,58,58,ป่าชุมชนบ้านสะแกงาม,สะแกงาม,3,ห้วยใหญ่,เมืองเพชรบูรณ์,ป่าสงวนแห่งชาติป่าตะเบาะและป่าห้วยใหญ่,,,251-1-56,0,0,0,14-ส.ค.-61
2561,เพชรบูรณ์,59,59,ป่าชุมชนบ้านป่าสักเจริญ,ป่าสักเจริญ,12,ห้วยใหญ่,เมืองเพชรบูรณ์,ป่าสงวนแห่งชาติป่าตะเบาะและป่าห้วยใหญ่,,,927-0-26,0,0,0,14-ส.ค.-61
2561,เพชรบูรณ์,60,60,ป่าชุมชนบ้านบุสง่า,บุสง่า,10,น้ำร้อน,เมืองเพชรบูรณ์,ป่าสงวนแห่งชาติป่าห้วยทินและป่าคลองตีบ,,,473-0-78,0,0,0,14-ส.ค.-61
2561,เพชรบูรณ์,61,61,ป่าชุมชนบ้านช้างตะลูด,ช้างตะลูด,7,ช้างตะลูด,หล่มสัก,ป่าสงวนแห่งชาติป่าลุ่มน้ำป่าสักฝั่งซ้าย,,,494-3-55,0,0,0,14-ส.ค.-61
2561,เพชรบูรณ์,62,62,ป่าชุมชนบ้านซำภู,ซำภู,5,ช้างตะลูด,หล่มสัก,ป่าสงวนแห่งชาติป่าลุ่มน้ำป่าสักฝั่งซ้าย,,,604-1-37,0,0,0,14-ส.ค.-61
2561,เพชรบูรณ์,63,63,ป่าชุมชนบ้านห้วยระหงษ์,ห้วยระหงษ์,7,ปากช่อง,หล่มสัก,ป่าสงวนแห่งชาติป่าลุ่มน้ำป่าสักฝั่งซ้าย,,,122-0-22,0,0,0,14-ส.ค.-61
2561,เพชรบูรณ์,64,64,ป่าชุมชนบ้านท่าอิบุญใต้,ท่าอิบุญใต้,12,ท่าอิบุญ,หล่มสัก,ป่าสงวนแห่งชาติป่าลุ่มน้ำป่าสักฝั่งซ้าย,,,1298-0-76,0,0,0,14-ส.ค.-61
2561,เพชรบูรณ์,65,65,ป่าชุมชนบ้านวังขอนดู่,วังขอนดู่,8,ห้วยไร่,หล่มสัก,ป่าสงวนแห่งชาติป่าลุ่มน้ำป่าสักฝั่งซ้าย,,,26-2-51,0,0,0,14-ส.ค.-61
2561,เพชรบูรณ์,66,66,ป่าชุมชนบ้านโป่งช้าง,โป่งช้าง,11,ห้วยไร่,หล่มสัก,ป่าสงวนแห่งชาติป่าลุ่มน้ำป่าสักฝั่งซ้าย,,,10-0-6,0,0,0,14-ส.ค.-61
2561,เพชรบูรณ์,67,67,ป่าชุมชนบ้านท่าหนองฮี,ท่าหนองฮี,13,ห้วยไร่,หล่มสัก,ป่าสงวนแห่งชาติป่าลุ่มน้ำป่าสักฝั่งซ้าย,,,10-3-75,0,0,0,14-ส.ค.-61
2561,เพชรบูรณ์,68,68,ป่าชุมชนบ้านโคกมน,โคกมน,3,โคกมน,น้ำหนาว,ป่าสงวนแห่งชาติป่าน้ำหนาว,,,183-2-2,0,0,0,14-ส.ค.-61
2561,เพชรบูรณ์,69,,,โคกมน,2,โคกมน,น้ำหนาว,,,,0,0,0,0,14-ส.ค.-61
2561,เพชรบูรณ์,70,69,ป่าชุมชนบ้านห้วยหญ้าเครือ,ห้วยหญ้าเครือ,1,น้ำหนาว,น้ำหนาว,ป่าสงวนแห่งชาติป่าน้ำหนาว,,,203-0-56,0,0,0,14-ส.ค.-61
2561,เพชรบูรณ์,71,70,ป่าชุมชนบ้านโคกยาว,โคกยาว,2,น้ำหนาว,น้ำหนาว,ป่าสงวนแห่งชาติป่าน้ำหนาว,,,203-1-97,0,0,0,14-ส.ค.-61
2561,เพชรบูรณ์,72,71,ป่าชุมชนบ้านทรัพย์สว่าง,ทรัพย์สว่าง,3,น้ำหนาว,น้ำหนาว,ป่าสงวนแห่งชาติป่าน้ำหนาว,,,367-0-86,0,0,0,14-ส.ค.-61
2561,เพชรบูรณ์,73,72,ป่าชุมชนบ้านห้วยแปก,ห้วยแปก,6,น้ำหนาว,น้ำหนาว,ป่าสงวนแห่งชาติป่าน้ำหนาว,,,102-0-54,0,0,0,14-ส.ค.-61
2561,เพชรบูรณ์,74,73,ป่าชุมชนบ้านห้วยยางทอง,ห้วยยางทอง,9,วังกวาง,น้ำหนาว,ป่าสงวนแห่งชาติป่าน้ำหนาว,,,730-3-65,0,0,0,14-ส.ค.-61
2561,เพชรบูรณ์,75,74,ป่าชุมชนบ้านวังกวาง,วังกวาง,1,วังกวาง,น้ำหนาว,ป่าสงวนแห่งชาติป่าน้ำหนาว,,,56-3-79,0,0,0,14-ส.ค.-61
2561,เพชรบูรณ์,76,75,ป่าชุมชนบ้านวังกวาง,วังกวาง,11,วังกวาง,น้ำหนาว,ป่าสงวนแห่งชาติป่าน้ำหนาว,,,463-2-57,0,0,0,14-ส.ค.-61
2561,เพชรบูรณ์,77,76,ป่าชุมชนบ้านโป่งหว้า,โป่งหว้า,4,ห้วยใหญ่,เมืองเพชรบูรณ์,,,,0,113-0-26,0,0,14-ส.ค.-61
2561,เพชรบูรณ์,78,77,ป่าชุมชนบ้านยางแหลม,บ้านยางแหลม,10,ระวิง,เมืองเพชรบูรณ์,,,,0,6-3-47,0,0,14-ส.ค.-61
2561,เพชรบูรณ์,79,78,ป่าชุมชนบ้านโนนผักเน่า,โนนผักเน่า,11,หินฮาว,หล่มเก่า,,,,0,1052-1-51,0,0,14-ส.ค.-61
2561,เพชรบูรณ์,80,79,ป่าชุมชนบ้านวังหว้าวังรู,วังหว้าวังรู,12,หินฮาว,หล่มเก่า,,,,0,2077-1-71,0,0,14-ส.ค.-61
2561,เพชรบูรณ์,81,80,ป่าชุมชนบ้านห้วยโป่ง ,ห้วยโป่ง,2,วังชมภู,เมืองเพชรบูรณ์,,,,0,94-3-10,0,0,14-ส.ค.-61
2561,เพชรบูรณ์,82,81,ป่าชุมชนบ้านงามประทีป,งามประทีป,11,วังชมภู,เมืองเพชรบูรณ์,,,,0,69-2-96,0,0,14-ส.ค.-61
2561,เพชรบูรณ์,83,82,ป่าชุมชนบ้านวังเจริญ,วังเจริญ,12,วังชมภู,เมืองเพชรบูรณ์,,,,0,178-1-9,0,0,14-ส.ค.-61
2561,เพชรบูรณ์,84,83,ป่าชุมชนบ้านนาเฉลียง,นาเฉลียง,2,ยางงาม,หนองไผ่,ป่าสงวนแห่งชาติป่าสองข้างทางสายชัยวิบูลย์,720877,1778131,25-0-75,0,0,0,27-ก.ย.-61
2561,เพชรบูรณ์,85,84,ป่าชุมชนบ้านวังเหว,วังเหว,4,ยางงาม,หนองไผ่,ป่าสงวนแห่งชาติป่าสองข้างทางสายชัยวิบูลย์,710506,1781050,1585-1-40,0,0,0,27-ก.ย.-61
2561,เพชรบูรณ์,86,85,ป่าชุมชนบ้านทรัพย์ศรีทอง,ทรัพย์ศรีทอง,5,ยางงาม,หนองไผ่,ป่าสงวนแห่งชาติป่าสองข้างทางสายชัยวิบูลย์,716817,1777782,301-2-57,0,0,0,27-ก.ย.-61
2561,เพชรบูรณ์,87,86,ป่าชุมชนบ้านซับมะขาม,ซับมะขาม,6,ยางงาม,หนองไผ่,ป่าสงวนแห่งชาติป่าสองข้างทางสายชัยวิบูลย์,721854,1776444,1619-0-15,0,0,0,27-ก.ย.-61
2561,เพชรบูรณ์,88,87,ป่าชุมชนบ้านวังสงวน,วังสงวน,4,บ่อไทย,หนองไผ่,ป่าสงวนแห่งชาติป่าห้วยทินและป่าคลองตีบ,735362,1780883,217-2-8,0,0,0,27-ก.ย.-61
2561,เพชรบูรณ์,89,88,ป่าชุมชนบ้านซับป่าคาย,ซับป่าคาย,9,บ่อไทย,หนองไผ่,ป่าสงวนแห่งชาติป่าลำกงและป่าคลองตะโก,737175,1775855,476-1-13,0,0,0,27-ก.ย.-61
2561,เพชรบูรณ์,90,89,ป่าชุมชนบ้านไทรทอง,ไทรทอง,2,วังโบสถ์,หนองไผ่,ป่าสงวนแห่งชาติป่าห้วยทินและป่าคลองตีบ,734008,1782032,46-1-95,0,0,0,27-ก.ย.-61
2561,เพชรบูรณ์,91,90,ป่าชุมชนบ้านไร่เหนือ,ไร่เหนือ,2,บัววัฒนา,หนองไผ่,ป่าสงวนแห่งชาติป่าสองข้างทางสายชัยวิบูลย์,713286,1762887,634-2-24,0,0,0,27-ก.ย.-61
2561,เพชรบูรณ์,92,91,ป่าชุมชนบ้านลำตาเณร,ลำตาเณร,6,บัววัฒนา,หนองไผ่,ป่าสงวนแห่งชาติป่าสองข้างทางสายชัยวิบูลย์,708408,1766146,795-1-46,0,0,0,27-ก.ย.-61
2561,เพชรบูรณ์,93,92,ป่าชุมชนบ้านซับวารินทร์,ซับวารินทร์,7,บัววัฒนา,หนองไผ่,ป่าสงวนแห่งชาติป่าสองข้างทางสายชัยวิบูลย์,710919,1762273,550-1-7,0,0,0,27-ก.ย.-61
2561,เพชรบูรณ์,94,93,ป่าชุมชนบ้านลำประสาน,ลำประสาน,8,บัววัฒนา,หนองไผ่,ป่าสงวนแห่งชาติป่าสองข้างทางสายชัยวิบูลย์,705491,1767268,239-0-19,0,0,0,27-ก.ย.-61
2561,เพชรบูรณ์,95,94,ป่าชุมชนบ้านเนินสะเดา,เนินสะเดา,9,ท่าแดง,หนองไผ่,ป่าสงวนแห่งชาติป่าฝั่งซ้ายแม่น้ำป่าสัก,731480,1763431,278-1-70,0,0,0,27-ก.ย.-61
2561,เพชรบูรณ์,96,95,ป่าชุมชนบ้านโคกสระแก้ว,โคกสระแก้ว,10,ท่าแดง,หนองไผ่,ป่าสงวนแห่งชาติป่าฝั่งซ้ายแม่น้ำป่าสัก,733030,1767116,309-0-76,0,0,0,27-ก.ย.-61
2561,เพชรบูรณ์,97,96,ป่าชุมชนบ้านเนินสะแก,เนินสะแก,6,วังท่าดี,หนองไผ่,ป่าสงวนแห่งชาติป่าฝั่งซ้ายแม่น้ำป่าสัก,736685,1769751,732-2-19,0,0,0,27-ก.ย.-61
2561,เพชรบูรณ์,98,97,ป่าชุมชนบ้านวังด่าน,วังด่าน,15,คลองกระจัง,ศรีเทพ,ป่าสงวนแห่งชาติป่าสองข้างทางสายชัยวิบูลย์,717886,1699080,151-1-83,0,0,0,27-ก.ย.-61
2561,เพชรบูรณ์,99,98,ป่าชุมชนบ้านเตาถ่าน,เตาถ่าน,2,หนองย่างทอย,ศรีเทพ,ป่าสงวนแห่งชาติป่าฝั่งซ้ายแม่น้ำป่าสัก,742280,1702704,12-3-65,0,0,0,27-ก.ย.-61
2561,เพชรบูรณ์,100,99,ป่าชุมชนบ้านด่านเจริญชัย,ด่านเจริญชัย,9,หนองย่างทอย,ศรีเทพ,ป่าสงวนแห่งชาติป่าฝั่งซ้ายแม่น้ำป่าสัก,744249,1704396,14-3-94,0,0,0,27-ก.ย.-61
2561,เพชรบูรณ์,101,100,ป่าชุมชนบ้านกุ้งกั้ง,กุ้งกั้ง,10,โคกสะอาด,ศรีเทพ,ป่าสงวนแห่งชาติป่าสองข้างทางสายชัยวิบูลย์,707841,1712216,454-0-58,0,0,0,27-ก.ย.-61
2561,เพชรบูรณ์,102,101,ป่าชุมชนบ้านลำพาด,ลำพาด,4,วังท่าดี,หนองไผ่,,737123,1769288,0,62-2-51,0,0,27-ก.ย.-61
2561,เพชรบูรณ์,103,102,ป่าชุมชนบ้านหนองบัวทอง,หนองบัวทอง,8,กองทูล,หนองไผ่,,724693,1766283,0,8-0-58,0,0,27-ก.ย.-61
2561,เพชรบูรณ์,104,103,ป่าชุมชนบ้านโคกสง่า,โคกสง่า,10,วังโบสถ์,หนองไผ่,,731578,1775571,0,12-0-71,0,0,27-ก.ย.-61
2561,เพชรบูรณ์,105,104,ป่าชุมชนบ้านรักไทย,รักไทย,12,ศรีเทพ,ศรีเทพ,,735415,1706124,0,18-1-78,0,0,27-ก.ย.-61
2561,เพชรบูรณ์,106,105,ป่าชุมชนบ้านวังเกวียน,วังเกวียน,14,คลองกระจัง,ศรีเทพ,ป่าสงวนแห่งชาติป่าสองข้างทางสายชัยวิบูลย์,716343,1700588,302-1-98,23-3-2,0,0,27-ก.ย.-61
2561,เพชรบูรณ์,107,106,ป่าชุมชนบ้านไผ่ขวาง,ไผ่ขวาง,3,ห้วยโป่ง,หนองไผ่,ป่าสงวนแห่งชาติป่าสองข้างทางสายชัยวิบูลย์,719521,1785533,739-2-60,3-3-5,0,0,27-ก.ย.-61
2561,เพชรบูรณ์,108,107,ป่าชุมชนบ้านนาสวรรค์,นาสวรรค์,12,คลองกระจัง,ศรีเทพ,ป่าสงวนแห่งชาติป่าสองข้างทางสายชัยวิบูลย์,715884,1698982,721-3-87,194-3-13,0,0,27-ก.ย.-61
2562,เพชรบูรณ์,109,108,ป่าชุมชนบ้านอุมแพ,อุมแพ,4,ท่าพล,เมืองเพชรบูรณ์,ป่าสงวนแห่งชาติป่าเขาปางก่อและป่าวังชมภู,,,407-1-74,0,0,0,11-ต.ค.-61
2562,เพชรบูรณ์,110,109,ป่าชุมชนบ้านโพธิ์งาม,โพธิ์งาม,5,ท่าพล,เมืองเพชรบูรณ์,ป่าสงวนแห่งชาติป่าเขาปางก่อและป่าวังชมภู,,,2208-0-77,0,0,0,11-ต.ค.-61
2562,เพชรบูรณ์,111,110,ป่าชุมชนบ้านคลองสาม,คลองสาม,10,ยางงาม,หนองไผ่,ป่าสงวนแห่งชาติป่าสองข้างทางสายชัยวิบูลย์,,,233-0-65,0,0,0,11-ต.ค.-61
2562,เพชรบูรณ์,112,111,ป่าชุมชนบ้านช้างตะลูด,ช้างตะลูด,2,ช้างตะลูด,หล่มสัก,,,,0,0,23-2-95,0,11-ต.ค.-61
2562,เพชรบูรณ์,113,112,ป่าชุมชนบ้านน้ำพุพัฒนา,น้ำพุพัฒนา,11,บ้านกลาง,หล่มสัก,,,,0,0,15-3-70,0,11-ต.ค.-61
2562,เพชรบูรณ์,114,113,ป่าชุมชนบ้านโสกจักจั่น,โสกจักจั่น,13,หนองไขว่,หล่มสัก,,,,0,0,27-0-19,0,11-ต.ค.-61
2562,เพชรบูรณ์,115,114,ป่าชุมชนบ้านคลองกระจัง,คลองกระจัง,1,คลองกระจัง,ศรีเทพ,,,,0,0,17-3-99,0,11-ต.ค.-61
2562,เพชรบูรณ์,116,115,ป่าชุมชนบ้านเกาะแก้ว,เกาะแก้ว,6,คลองกระจัง,ศรีเทพ,,,,0,0,14-3-2,0,11-ต.ค.-61
2562,เพชรบูรณ์,117,116,ป่าชุมชนบ้านเนินหินอ่อน,เนินหินอ่อน,16,สระกรวด,ศรีเทพ,,,,0,0,18-1-58,0,11-ต.ค.-61
2562,เพชรบูรณ์,118,117,ป่าชุมชนบ้านบุฉนวน,บุฉนวน,1,น้ำร้อน,เมืองเพชรบูรณ์,ป่าสงวนแห่งชาติป่าห้วยทินและป่าคลองตีบ,,,177-0-14,0,0,0,3-ธ.ค.-61
2562,เพชรบูรณ์,119,118,ป่าชุมชนบ้านซำบอน,ซำบอน,11,น้ำร้อน,เมืองเพชรบูรณ์,ป่าสงวนแห่งชาติป่าห้วยทินและป่าคลองตีบ,,,489-3-78,0,0,0,3-ธ.ค.-61
2562,เพชรบูรณ์,120,119,ป่าชุมชนบ้านสวนหม่อน,สวนหม่อน,2,ท่าพล,เมืองเพชรบูรณ์,ป่าสงวนแห่งชาติป่าเขาปางก่อและป่าวังชมภู,,,242-0-52,0,0,0,3-ธ.ค.-61
2562,เพชรบูรณ์,121,120,ป่าชุมชนบ้านป่าม่วง,ป่าม่วง,11,ท่าพล,เมืองเพชรบูรณ์,ป่าสงวนแห่งชาติป่าเขาปางก่อและป่าวังชมภู,,,625-2-87,0,0,0,3-ธ.ค.-61
2562,เพชรบูรณ์,122,121,ป่าชุมชนบ้านเขาขาด,เขาขาด,8,ตะเบาะ,เมืองเพชรบูรณ์,ป่าสงวนแห่งชาติป่าห้วยทินและป่าคลองตีบ,,,2671-3-61,0,0,0,3-ธ.ค.-61
2562,เพชรบูรณ์,123,122,ป่าชุมชนบ้านซับชมภู,ซับชมภู,8,ระวิง,เมืองเพชรบูรณ์,ป่าสงวนแห่งชาติป่าห้วยทินและป่าคลองตีบ,,,434-2-36,0,0,0,3-ธ.ค.-61
2562,เพชรบูรณ์,124,123,ป่าชุมชนบ้านกุฏิพระ,กุฏิพระ,4,ท่าข้าม,ชนแดน,ป่าสงวนแห่งชาติป่าวังโป่ง ป่าชนแดน และป่าวังกำแพง,,,443-2-7,0,0,0,3-ธ.ค.-61
2562,เพชรบูรณ์,125,124,ป่าชุมชนบ้านวังไลย์,วังไลย์,1,สระแก้ว,บึงสามพัน,ป่าสงวนแห่งชาติป่าฝั่งซ้ายแม่น้ำป่าสัก,,,159-0-87,0,0,0,3-ธ.ค.-61
2562,เพชรบูรณ์,126,125,ป่าชุมชนบ้านสระแก้ว,สระแก้ว,3,สระแก้ว,บึงสามพัน,ป่าสงวนแห่งชาติป่าฝั่งซ้ายแม่น้ำป่าสัก,,,276-3-13,0,0,0,3-ธ.ค.-61
2562,เพชรบูรณ์,127,126,ป่าชุมชนบ้านข่อยนอก,ข่อยนอก,7,สระแก้ว,บึงสามพัน,ป่าสงวนแห่งชาติป่าฝั่งซ้ายแม่น้ำป่าสัก,,,1407-2-48,0,0,0,3-ธ.ค.-61
2562,เพชรบูรณ์,128,127,ป่าชุมชนบ้านเขายางโป่ง,เขายางโป่ง,4,โคกปรง,วิเชียรบุรี,ป่าสงวนแห่งชาติป่าฝั่งซ้ายแม่น้ำป่าสัก,,,427-0-2,0,0,0,3-ธ.ค.-61
2562,เพชรบูรณ์,129,128,ป่าชุมชนบ้านพุน้ำร้อน,พุน้ำร้อน,9,ยางสาว,วิเชียรบุรี,ป่าสงวนแห่งชาติป่าฝั่งซ้ายแม่น้ำป่าสัก,,,257-3-32,0,0,0,3-ธ.ค.-61
2562,เพชรบูรณ์,130,129,ป่าชุมชนบ้านซับผุด,ซับผุด,14,ยางสาว,วิเชียรบุรี,ป่าสงวนแห่งชาติป่าฝั่งซ้ายแม่น้ำป่าสัก,,,37-3-78,0,0,0,3-ธ.ค.-61
2562,เพชรบูรณ์,131,130,ป่าชุมชนบ้านหนองแดง,หนองแดง,15,ยางสาว,วิเชียรบุรี,ป่าสงวนแห่งชาติป่าฝั่งซ้ายแม่น้ำป่าสัก,,,384-1-48,0,0,0,3-ธ.ค.-61
2562,เพชรบูรณ์,132,131,ป่าชุมชนบ้านโนนสง่า,โนนสง่า,10,ยางสาว,วิเชียรบุรี,,,,0,395-2-57,0,0,3-ธ.ค.-61
2562,เพชรบูรณ์,133,132,ป่าชุมชนบ้านเนินสมบูรณ์,เนินสมบูรณ์,8,ห้วยสะแก,เมืองเพชรบูรณ์,ป่าสงวนแห่งชาติป่าสองข้างทางสายชัยวิบูลย์ ป่าสงวนแห่งชาติป่าห้วยน้ำโจนและป่าวังสาร,,,1445-1-82,82-1-82,0,0,3-ธ.ค.-61
2562,เพชรบูรณ์,134,133,ป่าชุมชนบ้านอมชี,อมชี,10,ท่าพล,เมืองเพชรบูรณ์,ป่าสงวนแห่งชาติป่าเขาปางก่อและป่าวังชมภู,,,438-3-46,24-2-97,0,0,3-ธ.ค.-61
2562,เพชรบูรณ์,135,134,ป่าชุมชนบ้านซับไม้แดงน้อย,ซับไม้แดงน้อย,1,ซับสมอทอด,บึงสามพัน,ป่าสงวนแห่งชาติป่าสองข้างทางสายชัยวิบูลย์,,,486-2-30,0,0,0,25-มี.ค.-62
2562,เพชรบูรณ์,136,135,ป่าชุมชนบ้านซับแสงเงิน,ซับแสงเงิน,4,พญาวัง,บึงสามพัน,ป่าสงวนแห่งชาติป่าสองข้างทางสายชัยวิบูลย์,,,147-2-70,0,0,0,25-มี.ค.-62
2562,เพชรบูรณ์,137,136,ป่าชุมชนบ้านวังปลาใน,วังปลาใน,5,พญาวัง,บึงสามพัน,ป่าสงวนแห่งชาติป่าวังโป่ง ป่าชนแดน และป่าวังกำแพง,,,827-1-35,0,0,0,25-มี.ค.-62
2562,เพชรบูรณ์,138,137,ป่าชุมชนบ้านร้อยไร่,ร้อยไร่,7,ซับไม้แดง,บึงสามพัน,ป่าสงวนแห่งชาติป่าสองข้างทางสายชัยวิบูลย์,,,112-1-74,0,0,0,25-มี.ค.-62
2562,เพชรบูรณ์,139,138,ป่าชุมชนบ้านลำพื้นทอง,ลำพื้นทอง,9,หนองแจง,บึงสามพัน,ป่าสงวนแห่งชาติป่าสองข้างทางสายชัยวิบูลย์,,,379-0-86,0,0,0,25-มี.ค.-62
2562,เพชรบูรณ์,140,139,ป่าชุมชนบ้านอู่เรือ,อู่เรือ,12,หนองแจง,บึงสามพัน,ป่าสงวนแห่งชาติป่าสองข้างทางสายชัยวิบูลย์,,,406-2-70,0,0,0,25-มี.ค.-62
2562,เพชรบูรณ์,141,140,ป่าชุมชนบ้านวังปลานอก,วังปลานอก,11,พญาวัง,บึงสามพัน,ป่าสงวนแห่งชาติป่าสองข้างทางสายชัยวิบูลย์,,,170-3-30,0,0,0,25-มี.ค.-62
2562,เพชรบูรณ์,142,141,ป่าชุมชนบ้านซับดีปลี,ซับดีปลี,4,ภูน้ำหยด,วิเชียรบุรี,ป่าสงวนแห่งชาติป่าสองข้างทางสายชัยวิบูลย์,,,192-0-8,0,0,0,25-มี.ค.-62
2562,เพชรบูรณ์,143,142,ป่าชุมชนบ้านซับมะหาด,ซับมะหาด,5,ภูน้ำหยด,วิเชียรบุรี,ป่าสงวนแห่งชาติป่าสองข้างทางสายชัยวิบูลย์,,,183-3-32,0,0,0,25-มี.ค.-62
2562,เพชรบูรณ์,144,143,ป่าชุมชนบ้านภูน้ำหยด,ภูน้ำหยด,9,ภูน้ำหยด,วิเชียรบุรี,ป่าสงวนแห่งชาติป่าสองข้างทางสายชัยวิบูลย์,,,437-3-57,0,0,0,25-มี.ค.-62
2562,เพชรบูรณ์,145,144,ป่าชุมชนบ้านยางจ่า,ยางจ่า,12,ภูน้ำหยด,วิเชียรบุรี,ป่าสงวนแห่งชาติป่าสองข้างทางสายชัยวิบูลย์,,,328-1-27,0,0,0,25-มี.ค.-62
2562,เพชรบูรณ์,146,145,ป่าชุมชนบ้านคลองปลาหมอ,คลองปลาหมอ,5,ศาลาลาย,ชนแดน,ป่าสงวนแห่งชาติป่าวังโป่ง ป่าชนแดน และป่าวังกำแพง,,,940-3-52,0,0,0,25-มี.ค.-62
2562,เพชรบูรณ์,147,146,ป่าชุมชนบ้านหนองแดง,หนองแดง,5,ชนแดน,ชนแดน,ป่าสงวนแห่งชาติป่าวังโป่ง ป่าชนแดน และป่าวังกำแพง,,,134-0-24,0,0,0,25-มี.ค.-62
2562,เพชรบูรณ์,148,147,ป่าชุมชนบ้านวังโรง,วังโรง,6,ชนแดน,ชนแดน,ป่าสงวนแห่งชาติป่าวังโป่ง ป่าชนแดน และป่าวังกำแพง,,,40-0-42,0,0,0,25-มี.ค.-62
2562,เพชรบูรณ์,149,148,ป่าชุมชนบ้านคลองห้วยนา,คลองห้วยนา,10,ชนแดน,ชนแดน,ป่าสงวนแห่งชาติป่าวังโป่ง ป่าชนแดน และป่าวังกำแพง,,,1143-1-52,0,0,0,25-มี.ค.-62
2562,เพชรบูรณ์,150,149,ป่าชุมชนบ้านคลองห้วยนาเหนือ,คลองห้วยนาเหนือ,11,ชนแดน,ชนแดน,ป่าสงวนแห่งชาติป่าวังโป่ง ป่าชนแดน และป่าวังกำแพง,,,3385-0-8,0,0,0,25-มี.ค.-62
2562,เพชรบูรณ์,151,150,ป่าชุมชนบ้านซับม่วงพัฒนา,ซับม่วงพัฒนา,15,ลาดแค,ชนแดน,ป่าสงวนแห่งชาติป่าวังโป่ง ป่าชนแดน และป่าวังกำแพง,,,135-0-18,0,0,0,25-มี.ค.-62
2562,เพชรบูรณ์,152,151,ป่าชุมชนบ้านถ้ำเขาเครือ,ถ้ำเขาเครือ,11,พุทธบาท,ชนแดน,ป่าสงวนแห่งชาติป่าวังโป่ง ป่าชนแดน และป่าวังกำแพง,,,138-1-15,0,0,0,25-มี.ค.-62
2562,เพชรบูรณ์,153,152,ป่าชุมชนบ้านมะค่างาม,มะค่างาม,19,พุทธบาท,ชนแดน,ป่าสงวนแห่งชาติป่าวังโป่ง ป่าชนแดน และป่าวังกำแพง,,,37-0-92,0,0,0,25-มี.ค.-62
2562,เพชรบูรณ์,154,153,ป่าชุมชนบ้านโคกยาว,โคกยาว,6,ลาดแค,ชนแดน,ป่าสงวนแห่งชาติป่าวังโป่ง ป่าชนแดน และป่าวังกำแพง,,,382-0-56,0,0,0,25-มี.ค.-62
2562,เพชรบูรณ์,155,154,ป่าชุมชนบ้านวังสะพุง,วังสะพุง,8,วังหิน,วังโป่ง,ป่าสงวนแห่งชาติป่าวังโป่ง ป่าชนแดน และป่าวังกำแพง,,,84-0-60,0,0,0,25-มี.ค.-62
2562,เพชรบูรณ์,156,155,ป่าชุมชนบ้านไร่ฝายเหนือ,ไร่ฝายเหนือ,11,วังโป่ง,วังโป่ง,ป่าสงวนแห่งชาติป่าวังโป่ง ป่าชนแดน และป่าวังกำแพง,,,3589-0-70,0,0,0,25-มี.ค.-62
2562,เพชรบูรณ์,157,156,ป่าชุมชนบ้านผาลาน้อย,ผาลาน้อย,8,วังกวาง,น้ำหนาว,ป่าสงวนแห่งชาติป่าน้ำหนาว,,,81-2-2,0,0,0,25-มี.ค.-62
2562,เพชรบูรณ์,158,157,ป่าชุมชนบ้านนาไร่เดียว,นาไร่เดียว,6,ท่าโรง,วิเชียรบุรี,,,,0,743-2-75,0,0,25-มี.ค.-62
2562,เพชรบูรณ์,159,158,ป่าชุมชนบ้านบุมะกรูด,บุมะกรูด,8,ท่าโรง,วิเชียรบุรี,,,,0,678-2-69,0,0,25-มี.ค.-62
2562,เพชรบูรณ์,160,159,ป่าชุมชนบ้านเขามอง,เขามอง,18,ท่าโรง,วิเชียรบุรี,,,,0,103-3-88,0,0,25-มี.ค.-62
2562,เพชรบูรณ์,161,160,ป่าชุมชนบ้านสวนยาใหญ่,สวนยาใหญ่,11,ยางสาว,วิเชียรบุรี,,,,0,146-0-7,0,0,25-มี.ค.-62
2562,เพชรบูรณ์,162,161,ป่าชุมชนบ้านเขาน้อย,เขาน้อย,17,ท่าโรง,วิเชียรบุรี,,,,0,78-3-97,0,0,25-มี.ค.-62
2562,เพชรบูรณ์,163,162,ป่าชุมชนบ้านทางข้าม,ทางข้าม,8,วังโป่ง,วังโป่ง,,,,0,25-3-84,0,0,25-มี.ค.-62
2562,เพชรบูรณ์,164,163,ป่าชุมชนบ้านโคกเจริญ,โคกเจริญ,11,วังศาล,วังโป่ง,,,,0,36-0-47,0,0,25-มี.ค.-62
2562,เพชรบูรณ์,165,164,ป่าชุมชนบ้านเนินละคร,เนินละคร,12,นาสนุ่น,ศรีเทพ,,,,0,149-2-28,0,0,25-มี.ค.-62
2562,เพชรบูรณ์,166,165,ป่าชุมชนบ้านซับสำราญใต้,ซับสำราญใต้,2,พญาวัง,บึงสามพัน,,,,0,365-2-99,0,0,25-มี.ค.-62
2562,เพชรบูรณ์,167,166,ป่าชุมชนบ้านซับสำราญเหนือ,ซับสำราญเหนือ,9,พญาวัง,บึงสามพัน,,,,0,92-1-67,0,0,25-มี.ค.-62
2562,เพชรบูรณ์,168,167,ป่าชุมชนบ้านหนองปล้อง,หนองปล้อง,2,กันจุ,บึงสามพัน,,,,0,323-0-28,0,0,25-มี.ค.-62
2562,เพชรบูรณ์,169,168,ป่าชุมชนบ้านลำตะคร้อ,ลำตะคร้อ,4,กันจุ,บึงสามพัน,,,,0,522-3-85,0,0,25-มี.ค.-62
2562,เพชรบูรณ์,170,169,ป่าชุมชนบ้านราษฎร์เจริญ,ราษฎร์เจริญ,6,กันจุ,บึงสามพัน,,,,0,63-1-34,0,0,25-มี.ค.-62
2562,เพชรบูรณ์,171,170,ป่าชุมชนบ้านเขาแม่แก่,เขาแม่แก่,3,ลาดแค,ชนแดน,,,,0,997-2-55,0,0,25-มี.ค.-62
2562,เพชรบูรณ์,172,171,ป่าชุมชนบ้านวังพลับ,วังพลับ,5,วังหิน,วังโป่ง,,,,0,22-1-38,0,0,25-มี.ค.-62
2562,เพชรบูรณ์,173,172,ป่าชุมชนบ้านทุ่งแฝก,ทุ่งแฝก,8,พญาวัง,บึงสามพัน,,,,0,0,55-1-57,0,25-มี.ค.-62
2562,เพชรบูรณ์,174,173,ป่าชุมชนบ้านดงเสือเหลือง,ดงเสือเหลือง,7,ดงขุย,ชนแดน,,,,0,0,33-0-18,0,25-มี.ค.-62
2562,เพชรบูรณ์,175,174,ป่าชุมชนบ้านหน้าผา,หน้าผา,9,โคกสะอาด,ศรีเทพ,ป่าสงวนแห่งชาติป่าสองข้างทางสายชัยวิบูลย์,,,745-1-45,167-0-69,0,0,25-มี.ค.-62
2562,เพชรบูรณ์,176,175,ป่าชุมชนบ้านถ้ำแก้ว,ถ้ำแก้ว,7,ลาดแค,ชนแดน,ป่าสงวนแห่งชาติป่าวังโป่ง ป่าชนแดน และป่าวังกำแพง,,,107-2-78,60-1-56,0,0,25-มี.ค.-62
2562,เพชรบูรณ์,177,176,ป่าชุมชนบ้านโป่งตาเบ้า,โป่งตาเบ้า,8,ชนแดน,ชนแดน,ป่าสงวนแห่งชาติป่าวังโป่ง ป่าชนแดน และป่าวังกำแพง,,,951-1-21,152-3-87,0,0,25-มี.ค.-62
2562,เพชรบูรณ์,178,177,ป่าชุมชนบ้านเสลียงแห้ง 3,เสลียงแห้ง 3,1,หนองแม่นา,เขาค้อ,ป่าสงวนแห่งชาติป่าเขาปางก่อและป่าวังชมภู,,,104-0-51,0,0,0,7-พ.ค.-62
2562,เพชรบูรณ์,179,178,ป่าชุมชนบ้านโนนสมบูรณ์,โนนสมบูรณ์,12,บ่อไทย,หนองไผ่,ป่าสงวนแห่งชาติป่าลำกงและป่าคลองตะโก,,,1387-3-64,0,0,0,7-พ.ค.-62
2562,เพชรบูรณ์,180,179,ป่าชุมชนบ้านป่าเลา,ป่าเลา,1,ป่าเลา,เมือง,ป่าสงวนแห่งชาติป่าเขาปางก่อและป่าวังชมภู,0727905,08190528,170-3-43,0,0,0,13-มิ.ย.-62
2562,เพชรบูรณ์,181,180,ป่าชุมชนบ้านน้ำเดื่อเหนือ,น้ำเดื่อเหนือ,5,ห้วยใหญ่,เมือง,ป่าสงวนแห่งชาติป่าตะเบาะและป่าห้วยใหญ่,0748094,1830545,23-3-77,0,0,0,13-มิ.ย.-62
2562,เพชรบูรณ์,182,181,ป่าชุมชนบ้านห้วยแหน,ห้วยแหน,7,ห้วยใหญ่,เมือง,ป่าสงวนแห่งชาติป่าตะเบาะและป่าห้วยใหญ่,0746143,1823832,314-0-23,0,0,0,13-มิ.ย.-62
2562,เพชรบูรณ์,183,182,ป่าชุมชนบ้านน้ำเลา,น้ำเลา,5,บ้านโคก,เมือง,ป่าสงวนแห่งชาติป่าตะเบาะและป่าห้วยใหญ่,0744615,1817503,250-0-6,0,0,0,13-มิ.ย.-62
2562,เพชรบูรณ์,184,183,ป่าชุมชนบ้านท่าเมี่ยง,ท่าเมี่ยง,10,นายม,เมือง,ป่าสงวนแห่งชาติป่าห้วยทินและป่าคลองตีบ,0729892,1799862,112-1-73,0,0,0,13-มิ.ย.-62
2562,เพชรบูรณ์,185,184,ป่าหมู่บ้านบ้านน้ำอ้อม,น้ำอ้อม,3,วังหิน,วังโป่ง,ป่าสงวนแห่งชาติป่าวังโป่ง ป่าชนแดน และป่าวังกำแพง,,,294-3-2,0,0,0,13-มิ.ย.-62
2562,เพชรบูรณ์,186,185,ป่าชุมชนบ้านวังไทรงาม,วังไทรงาม,13,วังหิน,วังโป่ง,ป่าสงวนแห่งชาติป่าวังโป่ง ป่าชนแดน และป่าวังกำแพง,,,175-0-59,0,0,0,13-มิ.ย.-62
2562,เพชรบูรณ์,187,186,ป่าชุมชนบ้านตะโกงาม,ตะโกงาม,10,วังโป่ง,วังโป่ง,ป่าสงวนแห่งชาติป่าวังโป่ง ป่าชนแดน และป่าวังกำแพง,,,84-1-10,0,0,0,13-มิ.ย.-62
2562,เพชรบูรณ์,188,187,ป่าชุมชนบ้านซับเปิบ,ซับเปิบ,3,ซับเปิบ,วังโป่ง,ป่าสงวนแห่งชาติป่าวังโป่ง ป่าชนแดน และป่าวังกำแพง,706777,808513,443-1-78,0,0,0,13-มิ.ย.-62
2562,เพชรบูรณ์,189,188,ป่าชุมชนบ้านเชิงชาย,เชิงชาย,5,ซับเปิบ,วังโป่ง,ป่าสงวนแห่งชาติป่าวังโป่ง ป่าชนแดน และป่าวังกำแพง,,,128-3-15,0,0,0,13-มิ.ย.-62
2562,เพชรบูรณ์,190,189,ป่าชุมชนบ้านวังไทรทองเหนือ,วังไทรทองเหนือ,7,ซับเปิบ,วังโป่ง,ป่าสงวนแห่งชาติป่าวังโป่ง ป่าชนแดน และป่าวังกำแพง,0700013,1811071,44-1-18,0,0,0,13-มิ.ย.-62
2562,เพชรบูรณ์,191,190,ป่าชุมชนบ้านคลองน้ำคันเหนือ,คลองน้ำคันเหนือ,9,ซับเปิบ,วังโป่ง,ป่าสงวนแห่งชาติป่าวังโป่ง ป่าชนแดน และป่าวังกำแพง,702650,810996,10-2-26,0,0,0,13-มิ.ย.-62
2562,เพชรบูรณ์,192,191,ป่าชุมชนบ้านห้วยตูม,ห้วยตูม,1,พุทธบาท,ชนแดน,ป่าสงวนแห่งชาติป่าวังโป่ง ป่าชนแดน และป่าวังกำแพง,0705442,1791742,641-0-18,0,0,0,13-มิ.ย.-62
2562,เพชรบูรณ์,193,192,ป่าชุมชนบ้านซับเจริญ,ซับเจริญ,3,ซับพุทรา,ชนแดน,ป่าสงวนแห่งชาติป่าวังโป่ง ป่าชนแดน และป่าวังกำแพง,,,172-0-57,0,0,0,13-มิ.ย.-62
2562,เพชรบูรณ์,194,193,ป่าชุมชนบ้านวังไทร,วังไทร,4,ซับพุทรา,ชนแดน,ป่าสงวนแห่งชาติป่าวังโป่ง ป่าชนแดน และป่าวังกำแพง,0708723,1770514,877-2-3,0,0,0,13-มิ.ย.-62
2562,เพชรบูรณ์,195,194,ป่าชุมชนบ้านซับอีปุก,ซับอีปุก,7,ซับพุทรา,ชนแดน,ป่าสงวนแห่งชาติป่าวังโป่ง ป่าชนแดน และป่าวังกำแพง,0707844,1774313,693-2-14,0,0,0,13-มิ.ย.-62
2562,เพชรบูรณ์,196,195,ป่าชุมชนบ้านเขาเพิ่มพัฒนา,เขาเพิ่มพัฒนา,8,ซับพุทรา,ชนแดน,ป่าสงวนแห่งชาติป่าวังโป่ง ป่าชนแดน และป่าวังกำแพง,0700292,1776244,1123-3-68,0,0,0,13-มิ.ย.-62
2562,เพชรบูรณ์,197,196,ป่าชุมชนบ้านเขาถ้ำพัฒนา,เขาถ้ำพัฒนา,9,ซับพุทรา,ชนแดน,ป่าสงวนแห่งชาติป่าวังโป่ง ป่าชนแดน และป่าวังกำแพง,0710450,1775152,413-2-42,0,0,0,13-มิ.ย.-62
2562,เพชรบูรณ์,198,197,ป่าหมู่บ้านบ้านไร่อุดม,ไร่อุดม,3,ซับสมบูรณ์,วิเชียรบุรี,ป่าสงวนแห่งชาติป่าสองข้างทางสายชัยวิบูลย์,,,999-0-72,0,0,0,13-มิ.ย.-62
2562,เพชรบูรณ์,199,198,ป่าหมู่บ้านบ้านเขาขาด,เขาขาด,4,ซับสมบูรณ์,วิเชียรบุรี,ป่าสงวนแห่งชาติป่าสองข้างทางสายชัยวิบูลย์,,,1619-3-79,0,0,0,13-มิ.ย.-62
2562,เพชรบูรณ์,200,199,ป่าชุมชนบ้านซับปางช้าง,ซับปางช้าง,5,ซับน้อย,วิเชียรบุรี,ป่าสงวนแห่งชาติป่าสองข้างทางสายชัยวิบูลย์,0709476,1736730,1103-1-9,0,0,0,13-มิ.ย.-62
2562,เพชรบูรณ์,201,200,ป่าชุมชนบ้านหินดาด,หินดาด,6,ซับน้อย,วิเชียรบุรี,ป่าสงวนแห่งชาติป่าสองข้างทางสายชัยวิบูลย์,0707555,1737854,183-0-30,0,0,0,13-มิ.ย.-62
2562,เพชรบูรณ์,202,201,ป่าชุมชนบ้านโคกปรง,โคกปรง,1,โคกปรง,วิเชียรบุรี,ป่าสงวนแห่งชาติป่าฝั่งซ้ายแม่น้ำป่าสัก,,,110-2-6,0,0,0,13-มิ.ย.-62
2562,เพชรบูรณ์,203,202,ป่าชุมชนบ้านซับอีลุม,ซับอีลุม,5,โคกปรง,วิเชียรบุรี,ป่าสงวนแห่งชาติป่าฝั่งซ้ายแม่น้ำป่าสัก,,,397-2-72,0,0,0,13-มิ.ย.-62
2562,เพชรบูรณ์,204,203,ป่าชุมชนบ้านเขาสูง,เขาสูง,4,ยางสาว,วิเชียรบุรี,ป่าสงวนแห่งชาติป่าฝั่งซ้ายแม่น้ำป่าสัก,,,117-3-50,0,0,0,13-มิ.ย.-62
2562,เพชรบูรณ์,205,204,ป่าชุมชนบ้านโป่งนกเปล้า,โป่งนกเปล้า,10,สามแยก,วิเชียรบุรี,ป่าสงวนแห่งชาติป่าสองข้างทางสายชัยวิบูลย์,0715230,1737618,1020-2-20,0,0,0,13-มิ.ย.-62
2562,เพชรบูรณ์,206,205,ป่าชุมชนบ้านไร่ใต้,ไร่ใต้,3,วังกวาง,น้ำหนาว,ป่าสงวนแห่งชาติป่าน้ำหนาว,,,1092-2-3,0,0,0,13-มิ.ย.-62
2562,เพชรบูรณ์,207,206,ป่าชุมชนบ้านหัวนา,หัวนา,4,บุ่งคล้า,หล่มสัก,ป่าสงวนแห่งชาติป่าเขาปางก่อและป่าวังชมภู,,,451-3-85,0,0,0,13-มิ.ย.-62
2562,เพชรบูรณ์,208,,,บุ่งคล้า,1,บุ่งคล้า,หล่มสัก,ป่าสงวนแห่งชาติป่าเขาปางก่อและป่าวังชมภู,,,0,0,0,0,13-มิ.ย.-62
2562,เพชรบูรณ์,209,,,บุ่งคล้า,5,บุ่งคล้า,หล่มสัก,ป่าสงวนแห่งชาติป่าเขาปางก่อและป่าวังชมภู,,,0,0,0,0,13-มิ.ย.-62
2562,เพชรบูรณ์,210,,,หนองคัน,6,บุ่งคล้า,หล่มสัก,ป่าสงวนแห่งชาติป่าเขาปางก่อและป่าวังชมภู,,,0,0,0,0,13-มิ.ย.-62
2562,เพชรบูรณ์,211,,,กุดกุ่ม,8,บุ่งคล้า,หล่มสัก,ป่าสงวนแห่งชาติป่าเขาปางก่อและป่าวังชมภู,,,0,0,0,0,13-มิ.ย.-62
2562,เพชรบูรณ์,212,,,ร่องกอก,11,บุ่งคล้า,หล่มสัก,ป่าสงวนแห่งชาติป่าเขาปางก่อและป่าวังชมภู,,,0,0,0,0,13-มิ.ย.-62
2562,เพชรบูรณ์,213,,,ดงลาน,12,บุ่งคล้า,หล่มสัก,ป่าสงวนแห่งชาติป่าเขาปางก่อและป่าวังชมภู,,,0,0,0,0,13-มิ.ย.-62
2562,เพชรบูรณ์,214,207,ป่าชุมชนบ้านกกกล้วยนวน,กกกล้วยนวน,7,ตาดกลอย,หล่มเก่า,ป่าสงวนแห่งชาติป่าลุ่มน้ำป่าสัก,,,59-1-47,0,0,0,13-มิ.ย.-62
2562,เพชรบูรณ์,215,208,ป่าหมู่บ้านบ้านเขาถ้ำโถ,เขาถ้ำโถ,7,ห้วยโป่ง,หนองไผ่,ป่าสงวนแห่งชาติป่าสองข้างทางสายชัยวิบูลย์,,,1011-0-27,0,0,0,13-มิ.ย.-62
2562,เพชรบูรณ์,216,209,ป่าชุมชนบ้านซับไพเราะ,ซับไพเราะ,3,ซับไม้แดง,บึงสามพัน,ป่าสงวนแห่งชาติป่าสองข้างทางสายชัยวิบูลย์,0708206,1740133,449-1-37,0,0,0,13-มิ.ย.-62
2562,เพชรบูรณ์,217,210,ป่าชุมชนบ้านดงเข็ม,ดงเข็ม,3,สามแยก,วิเชียรบุรี,,0716477,1738305,0,615-1-87,0,0,13-มิ.ย.-62
2562,เพชรบูรณ์,218,211,ป่าชุมชนบ้านนาหนองกอก,นาหนองกอก,3,นาซำ,หล่มเก่า,,,,0,353-3-71,0,0,13-มิ.ย.-62
2562,เพชรบูรณ์,219,212,ป่าชุมชนบ้านบ้านกลาง,กลาง,14,ศิลา,หล่มเก่า,,,,0,43-3-28,0,0,13-มิ.ย.-62
2562,เพชรบูรณ์,220,213,ป่าชุมชนบ้านวังน้ำอ้อมใต้,วังน้ำอ้อมใต้,15,วังหิน,วังโป่ง,,0682773,1807693,0,81-2-73,0,0,13-มิ.ย.-62
2562,เพชรบูรณ์,221,214,ป่าชุมชนบ้านเขาสัก,เขาสัก,4,ตะกุดไร,ชนแดน,,0684520,1792525,0,335-2-85,0,0,13-มิ.ย.-62
2562,เพชรบูรณ์,222,215,ป่าชุมชนบ้านโป่งนกแก้ว,โป่งนกแก้ว,7,ตะกุดไร,ชนแดน,,0684985,1790530,0,51-2-31,0,0,13-มิ.ย.-62
2562,เพชรบูรณ์,223,216,ป่าชุมชนบ้านทวีศักดิ์พัฒนา,ทวีศักดิ์พัฒนา,11,ตะกุดไร,ชนแดน,,687633,1787911,0,192-1-87,0,0,13-มิ.ย.-62
2562,เพชรบูรณ์,224,217,ป่าชุมชนบ้านหนองระมาน,หนองระมาน,6,ดงขุย,ชนแดน,,,,0,254-0-51,0,0,13-มิ.ย.-62
2562,เพชรบูรณ์,225,218,ป่าชุมชนบ้านเขาชะโงก,เขาชะโงก,4,บ้านกล้วย,ชนแดน,,0691314,1773981,0,195-1-57,0,0,13-มิ.ย.-62
2562,เพชรบูรณ์,226,219,ป่าชุมชนบ้านเขาคณฑา,เขาคณฑา,5,บ้านกล้วย,ชนแดน,,0686598,1775734,0,41-2-46,0,0,13-มิ.ย.-62
2562,เพชรบูรณ์,227,220,ป่าชุมชนบ้านเนินพัฒนา,เนินพัฒนา,10,ศาลาลาย,ชนแดน,,,,0,305-1-33,0,0,13-มิ.ย.-62
2562,เพชรบูรณ์,228,221,ป่าชุมชนบ้านคลองตะพานหิน,คลองตะพานหิน,7,วังโบสถ์,หนองไผ่,,,,0,61-0-61,0,0,13-มิ.ย.-62
2562,เพชรบูรณ์,229,222,ป่าชุมชนบ้านห้วยค้อ,ห้วยค้อ,10,ห้วยใหญ่,เมือง,ป่าสงวนแห่งชาติป่าตะเบาะและป่าห้วยใหญ่,0744736,1827485,169-0-0,9-0-83,0,0,13-มิ.ย.-62
2562,เพชรบูรณ์,230,223,ป่าชุมชนบ้านกกกะบก,กกกะบก,1,โคกมน,น้ำหนาว,ป่าสงวนแห่งชาติป่าน้ำหนาว,,,1221-0-0,0,0,0,29-ต.ค.-62
2562,เพชรบูรณ์,231,224,ป่าชุมชนบ้านป่ารวก,ป่ารวก,4,โคกมน,น้ำหนาว,ป่าสงวนแห่งชาติป่าน้ำหนาว,,,1719-0-0,0,0,0,29-ต.ค.-62
2562,เพชรบูรณ์,232,225,ป่าชุมชนบ้านดงมะไฟ,ดงมะไฟ,5,โคกมน,น้ำหนาว,ป่าสงวนแห่งชาติป่าน้ำหนาว,,,218-0-0,0,0,0,29-ต.ค.-62
2562,เพชรบูรณ์,233,226,ป่าชุมชนบ้านห้วยสนามทราย,ห้วยสนามทราย,6,โคกมน,น้ำหนาว,ป่าสงวนแห่งชาติป่าน้ำหนาว,,,1211-0-0,0,0,0,29-ต.ค.-62
2562,เพชรบูรณ์,234,227,ป่าชุมชนบ้านนาพอสอง,นาพอสอง,5,น้ำหนาว,น้ำหนาว,ป่าสงวนแห่งชาติป่าน้ำหนาว,,,1265-0-0,0,0,0,29-ต.ค.-62
2562,เพชรบูรณ์,235,,,นาพอสอง,4,น้ำหนาว,น้ำหนาว,ป่าสงวนแห่งชาติป่าน้ำหนาว,,,0,0,0,0,29-ต.ค.-62
2562,เพชรบูรณ์,236,228,ป่าชุมชนบ้านฟองใต้,ฟองใต้,7,วังกวาง,น้ำหนาว,ป่าสงวนแห่งชาติป่าน้ำหนาว,,,4770-0-0,0,0,0,29-ต.ค.-62
2562,เพชรบูรณ์,237,229,ป่าชุมชนบ้านธนิตคำเที่ยง,ธนิตคำเที่ยง,2,ริมสีม่วง,เขาค้อ,ป่าสงวนแห่งชาติป่าเขาปางก่อและป่าวังชมภู,,,308-0-0,0,0,0,29-ต.ค.-62
2562,เพชรบูรณ์,238,230,ป่าชุมชนบ้านชื่นจิตร,ชื่นจิตร,6,ริมสีม่วง,เขาค้อ,ป่าสงวนแห่งชาติป่าเขาปางก่อและป่าวังชมภู,,,27-0-0,0,0,0,29-ต.ค.-62
2562,เพชรบูรณ์,239,231,ป่าชุมชนบ้านเสลียงแห้ง1,เสลียงแห้ง1,3,สะเดาะพง,เขาค้อ,ป่าสงวนแห่งชาติป่าเขาปางก่อและป่าวังชมภู,,,131-0-0,0,0,0,29-ต.ค.-62
2562,เพชรบูรณ์,240,232,ป่าชุมชนบ้านกองเนียม,กองเนียม,4,เขาค้อ,เขาค้อ,ป่าสงวนแห่งชาติป่าเขาปางก่อและป่าวังชมภู,,,12-0-0,0,0,0,29-ต.ค.-62
2562,เพชรบูรณ์,241,233,ป่าชุมชนบ้านมาตุลี,มาตุลี,7,หนองแม่นา,เขาค้อ,ป่าสงวนแห่งชาติป่าเขาปางก่อและป่าวังชมภู,,,190-0-0,0,0,0,29-ต.ค.-62
2562,เพชรบูรณ์,242,234,ป่าชุมชนบ้านโพทะเล,โพทะเล,2,ซับสมบูรณ์,วิเชียรบุรี,ป่าสงวนแห่งชาติป่าสองข้างทางสายวิบูลย์,,,410-0-0,0,0,0,29-ต.ค.-62
2562,เพชรบูรณ์,243,235,ป่าชุมชนบ้านวังวัด,วังวัด,3,ยางสาว,วิเชียรบุรี,ป่าสงวนแห่งชาติป่าฝั่งซ้ายแม่น้ำป่าสัก,,,34-0-0,0,0,0,29-ต.ค.-62
2562,เพชรบูรณ์,244,236,ป่าชุมชนบ้านซับเจริญ,ซับเจริญ,13,ยางสาว,วิเชียรบุรี,ป่าสงวนแห่งชาติป่าฝั่งซ้ายแม่น้ำป่าสัก,,,32-0-0,0,0,0,29-ต.ค.-62
2562,เพชรบูรณ์,245,237,ป่าชุมชนบ้านยางสาว,ยางสาว,1,ยางสาว,วิเชียรบุรี,,,,0,499-0-0,0,0,29-ต.ค.-62
2562,เพชรบูรณ์,246,238,ป่าชุมชนบ้านกลุ่มอุทัย,กลุ่มอุทัย,2,สามแยก,วิเชียรบุรี,,,,0,142-0-0,0,0,29-ต.ค.-62
2562,เพชรบูรณ์,247,239,ป่าชุมชนบ้านท่าเกย,ท่าเกย,4,สามแยก,วิเชียรบุรี,,,,0,58-0-0,0,0,29-ต.ค.-62
2562,เพชรบูรณ์,248,240,ป่าชุมชนบ้านห้วยน้ำขาว,ห้วยน้ำขาว,1,เข็กน้อย,เขาค้อ,,,,0,4864-0-0,0,0,29-ต.ค.-62
2562,เพชรบูรณ์,249,,,เข็กน้อย,2,เข็กน้อย,เขาค้อ,,,,0,0,0,0,29-ต.ค.-62
2562,เพชรบูรณ์,250,,,ป่ากล้วย,3,เข็กน้อย,เขาค้อ,,,,0,0,0,0,29-ต.ค.-62
2562,เพชรบูรณ์,251,,,เข็กน้อย,4,เข็กน้อย,เขาค้อ,,,,0,0,0,0,29-ต.ค.-62
2562,เพชรบูรณ์,252,241,ป่าชุมชนบ้านเล่าลือเก่า,เล่าลือเก่า,5,เข็กน้อย,เขาค้อ,,,,0,3371-0-0,0,0,29-ต.ค.-62
2562,เพชรบูรณ์,253,,,ปากทาง,6,เข็กน้อย,เขาค้อ,,,,0,0,0,0,29-ต.ค.-62
2562,เพชรบูรณ์,254,,,ศักดิ์เจริญ,7,เข็กน้อย,เขาค้อ,,,,0,0,0,0,29-ต.ค.-62
2562,เพชรบูรณ์,255,,,ชัยชนะ,8,เข็กน้อย,เขาค้อ,,,,0,0,0,0,29-ต.ค.-62
2562,เพชรบูรณ์,256,242,ป่าชุมชนบ้านเจริญพัฒนา,เจริญพัฒนา,10,เข็กน้อย,เขาค้อ,,,,0,4841-0-0,0,0,29-ต.ค.-62
2562,เพชรบูรณ์,257,,,ประกอบสุข,9,เข็กน้อย,เขาค้อ,,,,0,0,0,0,29-ต.ค.-62
2562,เพชรบูรณ์,258,,,คีรีรัตน์,11,เข็กน้อย,เขาค้อ,,,,0,0,0,0,29-ต.ค.-62
2562,เพชรบูรณ์,259,,,สันติสุข,12,เข็กน้อย,เขาค้อ,,,,0,0,0,0,29-ต.ค.-62
2562,เพชรบูรณ์,260,243,ป่าชุมชนบ้านท่าข้าม,ท่าข้าม,1,ท่าข้าม,ชนแดน,ป่าสงวนแห่งชาติป่าวังโป่ง ป่าชนแดน และป่าวังกำแพง,,,204-0-0,0,0,0,20-พ.ย.-62
2562,เพชรบูรณ์,261,244,ป่าชุมชนบ้านซับพุทรา,ซับพุทรา,1,ซับพุทรา,ชนแดน,ป่าสงวนแห่งชาติป่าวังโป่ง ป่าชนแดน และป่าวังกำแพง,,,179-0-0,0,0,0,20-พ.ย.-62
2562,เพชรบูรณ์,262,245,ป่าชุมชนบ้านคลองกลาง,คลองกลาง,2,ซับพุทรา,ชนแดน,ป่าสงวนแห่งชาติป่าวังโป่ง ป่าชนแดน และป่าวังกำแพง,,,392-0-0,0,0,0,20-พ.ย.-62
2562,เพชรบูรณ์,263,,,ซับหมาแสน,6,ซับพุทรา,ชนแดน,ป่าสงวนแห่งชาติป่าวังโป่ง ป่าชนแดน และป่าวังกำแพง,,,0,0,0,0,20-พ.ย.-62
2562,เพชรบูรณ์,264,246,ป่าชุมชนบ้านแก่งโตน,แก่งโตน,2,นาซำ,หล่มเก่า,ป่าสงวนแห่งชาติป่าโคกซำซาง,,,272-0-0,0,0,0,20-พ.ย.-62
2562,เพชรบูรณ์,265,247,ป่าชุมชนบ้านแก่งโตนใหม่,แก่งโตนใหม่,10,นาซำ,หล่มเก่า,ป่าสงวนแห่งชาติป่าโคกซำซาง,,,3060-0-0,0,0,0,20-พ.ย.-62
2562,เพชรบูรณ์,266,248,ป่าชุมชนบ้านตาดข่า,ตาดข่า,5,ตาดกลอย,หล่มเก่า,ป่าสงวนแห่งชาติป่าลุ่มน้ำป่าสัก,,,1755-0-0,0,0,0,20-พ.ย.-62
2562,เพชรบูรณ์,267,249,ป่าชุมชนบ้านวังเวินพัฒนา,วังเวินพัฒนา,6,ตาดกลอย,หล่มเก่า,ป่าสงวนแห่งชาติป่าลุ่มน้ำป่าสัก,,,796-0-0,0,0,0,20-พ.ย.-62
2562,เพชรบูรณ์,268,250,ป่าชุมชนบ้านน้ำพุสามัคคี,น้ำพุสามัคคี,17,บ้านกลาง,หล่มเก่า,ป่าสงวนแห่งชาติป่าลุ่มน้ำป่าสักฝั่งซ้าย,,,777-0-0,0,0,0,20-พ.ย.-62
2562,เพชรบูรณ์,269,,,น้ำพุ,2,บ้านกลาง,หล่มเก่า,ป่าสงวนแห่งชาติป่าลุ่มน้ำป่าสักฝั่งซ้าย,,,0,0,0,0,20-พ.ย.-62
2562,เพชรบูรณ์,270,251,ป่าชุมชนบ้านซับบอน,ซับบอน,7,กันจุ,บึงสามพัน,ป่าสงวนแห่งชาติป่าลุ่มน้ำป่าสัก,,,69-0-0,0,0,0,20-พ.ย.-62
2562,เพชรบูรณ์,271,252,ป่าชุมชนบ้านวังมะขาม,วังมะขาม,6,พญาวัง,บึงสามพัน,ป่าสงวนแห่งชาติป่าวังโป่ง ป่าชนแดน และป่าวังกำแพง,,,181-0-0,0,0,0,20-พ.ย.-62
2562,เพชรบูรณ์,272,,,ชนแดน,15,พญาวัง,บึงสามพัน,ป่าสงวนแห่งชาติป่าวังโป่ง ป่าชนแดน และป่าวังกำแพง,,,0,0,0,0,20-พ.ย.-62
2562,เพชรบูรณ์,273,253,ป่าชุมชนบ้านโพธิ์สวรรค์ 2,โพธิ์สวรรค์ 2,14,พญาวัง,บึงสามพัน,ป่าสงวนแห่งชาติป่าวังโป่ง ป่าชนแดน และป่าวังกำแพง,,,347-0-0,0,0,0,20-พ.ย.-62
2562,เพชรบูรณ์,274,254,ป่าชุมชนบ้านกรเพชร,กรเพชร,5,ริมสีม่วง,เขาค้อ,ป่าสงวนแห่งชาติป่าเขาปางก่อ และป่าวังชมภู,,,40-0-0,0,0,0,20-พ.ย.-62
2562,เพชรบูรณ์,275,255,ป่าชุมชนบ้านดงหลง,ดงหลง,6,แคมป์สน,เขาค้อ,ป่าสงวนแห่งชาติป่าเขาโปลกหล่น,,,110-0-0,0,0,0,20-พ.ย.-62
2562,เพชรบูรณ์,276,256,ป่าชุมชนบ้านซับกองทอง,ซับกองทอง,8,สามแยก,วิเชียรบุรี,ป่าสงวนแห่งชาติป่าสองข้างทางสายชัยวิบูลย์,,,759-0-0,0,0,0,20-พ.ย.-62
2562,เพชรบูรณ์,277,257,ป่าชุมชนบ้านใหม่ซับเจริญ,ใหม่ซับเจริญ,8,ซับสมบูรณ์,วิเชียรบุรี,ป่าสงวนแห่งชาติป่าสองข้างทางสายชัยวิบูลย์,,,426-0-0,0,0,0,20-พ.ย.-62
2562,เพชรบูรณ์,278,,,กระทุ่มทอง,5,ซับสมบูรณ์,วิเชียรบุรี,ป่าสงวนแห่งชาติป่าสองข้างทางสายชัยวิบูลย์,,,0,0,0,0,20-พ.ย.-62
2562,เพชรบูรณ์,279,,,หนองจอก,6,ซับสมบูรณ์,วิเชียรบุรี,ป่าสงวนแห่งชาติป่าสองข้างทางสายชัยวิบูลย์,,,0,0,0,0,20-พ.ย.-62
2562,เพชรบูรณ์,280,,,ฟุบสะแก,7,ซับสมบูรณ์,วิเชียรบุรี,ป่าสงวนแห่งชาติป่าสองข้างทางสายชัยวิบูลย์,,,0,0,0,0,20-พ.ย.-62
2562,เพชรบูรณ์,281,,,หนองอุดม,9,ซับสมบูรณ์,วิเชียรบุรี,ป่าสงวนแห่งชาติป่าสองข้างทางสายชัยวิบูลย์,,,0,0,0,0,20-พ.ย.-62
2562,เพชรบูรณ์,282,,,แสงมณี,10,ซับสมบูรณ์,วิเชียรบุรี,ป่าสงวนแห่งชาติป่าสองข้างทางสายชัยวิบูลย์,,,0,0,0,0,20-พ.ย.-62
2562,เพชรบูรณ์,283,258,ป่าชุมชนบ้านห้วยไร่,ห้วยไร่,3,ระวิง,เมือง,ป่าสงวนแห่งชาติป่าห้วยทิน และป่าคลองตีบ,,,34-0-0,0,0,0,20-พ.ย.-62
2562,เพชรบูรณ์,284,259,ป่าชุมชนบ้านคลองยาง,คลองยาง,9,หนองไผ่,หนองไผ่,ป่าสงวนแห่งชาติป่าสองข้างทางสายชัยวิบูลย์,,,83-0-0,0,0,0,20-พ.ย.-62
2562,เพชรบูรณ์,285,260,ป่าชุมชนบ้านห้วยปูน,ห้วยปูน,1,น้ำก้อ,หล่มสัก,,,,0,255-0-0,0,0,20-พ.ย.-62
2562,เพชรบูรณ์,286,,,น้ำก้อใหญ่,5,น้ำก้อ,หล่มสัก,,,,0,0,0,0,20-พ.ย.-62
2562,เพชรบูรณ์,287,,,น้ำก่อโปร่ง,6,น้ำก้อ,หล่มสัก,,,,0,0,0,0,20-พ.ย.-62
2562,เพชรบูรณ์,288,261,ป่าชุมชนบ้านน้ำก้อ,น้ำก้อ,2,น้ำก้อ,หล่มสัก,,,,0,2827-0-0,0,0,20-พ.ย.-62
2562,เพชรบูรณ์,289,,,น้ำก้อ,3,น้ำก้อ,หล่มสัก,,,,0,0,0,0,20-พ.ย.-62
2562,เพชรบูรณ์,290,,,น้ำก้อไทย,9,น้ำก้อ,หล่มสัก,,,,0,0,0,0,20-พ.ย.-62
2562,เพชรบูรณ์,291,262,ป่าชุมชนบ้านเหมืองใหม่พัฒนา,เหมืองใหม่พัฒนา,12,น้ำก้อ,หล่มสัก,,,,0,928-0-0,0,0,20-พ.ย.-62
2562,เพชรบูรณ์,292,,,น้ำก้อฝาย,8,น้ำก้อ,หล่มสัก,,,,0,0,0,0,20-พ.ย.-62
2562,เพชรบูรณ์,293,,,น้ำก้อเศษ,10,น้ำก้อ,หล่มสัก,,,,0,0,0,0,20-พ.ย.-62
2562,เพชรบูรณ์,294,,,ร่องเชือก,11,น้ำก้อ,หล่มสัก,,,,0,0,0,0,20-พ.ย.-62
2562,เพชรบูรณ์,295,263,ป่าชุมชนบ้านห้วยเป้าบ่อคำ,ห้วยเป้าบ่อคำ,13,น้ำก้อ,หล่มสัก,,,,0,445-0-0,0,0,20-พ.ย.-62
2562,เพชรบูรณ์,296,,,น้ำก้อ,4,น้ำก้อ,หล่มสัก,,,,0,0,0,0,20-พ.ย.-62
2562,เพชรบูรณ์,297,,,น้ำก้อโคก,7,น้ำก้อ,หล่มสัก,,,,0,0,0,0,20-พ.ย.-62
2562,เพชรบูรณ์,298,264,ป่าชุมชนบ้านโคกใหม่,โคกใหม่,13,ศิลา,หล่มเก่า,,,,0,383-0-0,0,0,20-พ.ย.-62
2562,เพชรบูรณ์,299,265,ป่าชุมชนบ้านนาสะอุ้ง,นาสะอุ้ง,17,วังบาล,หล่มเก่า,,,,0,2469-0-0,0,0,20-พ.ย.-62
2562,เพชรบูรณ์,300,266,ป่าชุมชนบ้านน้อยเจริญ,น้อยเจริญ,6,ทุ่งสมอ,เขาค้อ,,,,0,78-0-0,0,0,20-พ.ย.-62
2562,เพชรบูรณ์,301,267,ป่าชุมชนบ้านเล่าเน้ง,เล่าเน้ง,14,เขาค้อ,เขาค้อ,,,,0,46-0-0,0,0,20-พ.ย.-62
2562,เพชรบูรณ์,302,,,เล่าลือ,9,เขาค้อ,เขาค้อ,,,,0,0,0,0,20-พ.ย.-62
2562,เพชรบูรณ์,303,268,ป่าชุมชนบ้านห้วยทราย,ห้วยทราย,7,ระวิง,เมือง,,,,0,11-0-0,0,0,20-พ.ย.-62
2562,เพชรบูรณ์,304,269,ป่าชุมชนบ้านซับลิ้นทอง,ซับลิ้นทอง,7,พญาวัง,บึงสามพัน,,,,0,461-0-0,0,0,20-พ.ย.-62
2562,เพชรบูรณ์,305,270,ป่าชุมชนบ้านซ้บสามัคคี,ซ้บสามัคคี,10,พญาวัง,บึงสามพัน,,,,0,89-0-0,0,0,20-พ.ย.-62
2562,เพชรบูรณ์,306,271,ป่าชุมชนบ้านห้วยโป่ง,ห้วยโป่ง,2,ห้วยโป่ง,หนองไผ่,ป่าสงวนแห่งชาติป่าสองข้างทางสายชัยวิบูลย์,,,1393-0-0,35-0-0,0,0,20-พ.ย.-62
2562,เพชรบูรณ์,307,272,ป่าชุมชนบ้านหนองแม่นา (แปลงที่1-2),หนองแม่นา,6,หนองแม่นา,เขาค้อ,ป่าสงวนแห่งชาติป่าเขาปางก่อและป่าวังชมภู,,,3367-0-0,0,0,0,20-พ.ย.-62
2562,เพชรบูรณ์,308,273,ป่าชุมชนบ้านห้วยผักกูด,ห้วยผักกูด,10,ศิลา,หล่มเก่า,,,,0,35--,0,0,20-พ.ย.-62
2562,เพชรบูรณ์,309,274,ป่าชุมชนบ้านวังยาว (แปลงที่1-2),วังยาว,6,ปากช่อง,หล่มสัก,ป่าสงวนแห่งชาติป่าลุ่มน้ำป่าสักฝั่งซ้าย,,,350-0-0,0,0,0,20-พ.ย.-62
2562,เพชรบูรณ์,310,275,ป่าชุมชนบ้านเนินสะอาด (แปลงที่1-2),เนินสะอาด,12,บุ่งน้ำเต้า,หล่มสัก,ป่าสงวนแห่งชาติป่าเขาโปลกหล่น,,,1326-0-0,0,0,0,20-พ.ย.-62
2562,เพชรบูรณ์,311,276,ป่าชุมชนบ้านหนองปลา,หนองปลา,1,น้ำเฮี้ย,หล่มสัก,,,,0,1270-0-0,0,0,20-พ.ย.-62
2562,เพชรบูรณ์,312,277,ป่าชุมชนบ้านโคกสาร (แปลงที่1-3),โคกสาร,5,ซับพุทรา,ชนแดน,ป่าสงวนแห่งชาติป่าวังโป่ง ป่าชนแดนและป่าวังกำแพง,,,1090-0-0,0,0,0,20-พ.ย.-62
2562,เพชรบูรณ์,313,278,ป่าชุมชนบ้านหนองเขียว,หนองเขียว,9,ศิลา,หล่มเก่า,ป่าสงวนแห่งชาติป่าโคกซำซาง,,,238-0-0,8--,0,0,20-พ.ย.-62
2562,เพชรบูรณ์,314,279,ป่าชุมชนบ้านโสกเดื่อ,โสกเดื่อ,10,น้ำชุน,หล่มสัก,ป่าสงวนแห่งชาติป่าเขาโปลกหล่น,,,363-0-0,0,0,0,20-พ.ย.-62
2562,เพชรบูรณ์,315,280,ป่าชุมชนบ้านซับสมบูรณ์,ซับสมบูรณ์,1,ซับสมบูรณ์,วิเชียรบุรี,ป่าสงวนแห่งชาติป่าสองข้างทางสายชัยวิบูลย์,716460,1728183,185-0-0,0,0,0,22-พ.ย.-62
2562,เพชรบูรณ์,316,281,ป่าชุมชนบ้านด่านบุญธรรม,ด่านบุญธรรม,7,ยางงาม,หนองไผ่,ป่าสงวนแห่งชาติป่าสองข้างทางสายชัยวิบูลย์,716597,1779743,399-0-0,0,0,0,22-พ.ย.-62
