รายการข้อมูล,จังหวัด,ปี,จำแนก,จำนวน,หน่วยนับ,ที่มา
พื้นที่ป่าไม้กาญจนบุรี,กาญจนบุรี,2564,พื้นที่ไร่,7493626.874,ไร่,จากการแปลภาพถ่ายดาวเทียมไทยโชต และดาวเทียม Landsat 8 
พื้นที่ป่าไม้กาญจนบุรี,กาญจนบุรี,2564,พื้นที่ตารางกิโลเมตร,11989.803,ตารางกิโลเมตร,จากการแปลภาพถ่ายดาวเทียมไทยโชต และดาวเทียม Landsat 8 
พื้นที่ป่าไม้กาญจนบุรี,กาญจนบุรี,2564,ร้อยละของพื้นที่จังหวัด,61.85243287,ร้อยละ,จากการแปลภาพถ่ายดาวเทียมไทยโชต และดาวเทียม Landsat 8
พื้นที่ป่าไม้กาญจนบุรี,กาญจนบุรี,2565,พื้นที่ไร่,7494409.58,ไร่,จากการแปลภาพถ่ายดาวเทียมไทยโชต และดาวเทียม Landsat 8
พื้นที่ป่าไม้กาญจนบุรี,กาญจนบุรี,2565,พื้นที่ตารางกิโลเมตร,11991.05533,ตารางกิโลเมตร,จากการแปลภาพถ่ายดาวเทียมไทยโชต และดาวเทียม Landsat 8
พื้นที่ป่าไม้กาญจนบุรี,กาญจนบุรี,2565,ร้อยละของพื้นที่จังหวัด,61.85889332,ร้อยละ,จากการแปลภาพถ่ายดาวเทียมไทยโชต และดาวเทียม Landsat 8
พื้นที่ป่าไม้กาญจนบุรี,กาญจนบุรี,2566,พื้นที่ไร่,7478716.75,ไร่,จากการแปลภาพถ่ายดาวเทียมไทยโชต และดาวเทียม Landsat 8
พื้นที่ป่าไม้กาญจนบุรี,กาญจนบุรี,2566,พื้นที่ตารางกิโลเมตร,11965.9468,ตารางกิโลเมตร,จากการแปลภาพถ่ายดาวเทียมไทยโชต และดาวเทียม Landsat 8
พื้นที่ป่าไม้กาญจนบุรี,กาญจนบุรี,2566,ร้อยละของพื้นที่จังหวัด,61.72927052,ร้อยละ,จากการแปลภาพถ่ายดาวเทียมไทยโชต และดาวเทียม Landsat 8
พื้นที่ป่าไม้กาญจนบุรี,กาญจนบุรี,2567,พื้นที่ไร่,7478170.33,ไร่,จากการแปลภาพถ่ายดาวเทียมไทยโชต และดาวเทียม Landsat 8
พื้นที่ป่าไม้กาญจนบุรี,กาญจนบุรี,2567,พื้นที่ตารางกิโลเมตร,11965.07253,ตารางกิโลเมตร,จากการแปลภาพถ่ายดาวเทียมไทยโชต และดาวเทียม Landsat 8
พื้นที่ป่าไม้กาญจนบุรี,กาญจนบุรี,2567,ร้อยละของพื้นที่จังหวัด,61.72476037,ร้อยละ,จากการแปลภาพถ่ายดาวเทียมไทยโชต และดาวเทียม Landsat 8
