สังกัดพื้นที่,ประเภทการใช้ที่ดิน,จำนวน (แปลง),เนื้อที่ (ไร่)
สำนักบริหารพื้นที่อนุรักษ์ที่ 1 (ปราจีนบุรี),บุกรุกใหม่ ,0,0.00
สำนักบริหารพื้นที่อนุรักษ์ที่ 1 (ปราจีนบุรี),บุกรุกซ้ำ,0,0.00
สำนักบริหารพื้นที่อนุรักษ์ที่ 1 (ปราจีนบุรี),แปลงแก้ไขปัญหาตามแนวนโยบายรัฐบาล,0,0.00
สำนักบริหารพื้นที่อนุรักษ์ที่ 1 (ปราจีนบุรี),พื้นที่ไม่สามารถเข้าตรวจสอบได้,0,0.00
สำนักบริหารพื้นที่อนุรักษ์ที่ 1 สาขาสระบุรี,บุกรุกใหม่ ,0,0.00
สำนักบริหารพื้นที่อนุรักษ์ที่ 1 สาขาสระบุรี,บุกรุกซ้ำ,0,0.00
สำนักบริหารพื้นที่อนุรักษ์ที่ 1 สาขาสระบุรี,แปลงแก้ไขปัญหาตามแนวนโยบายรัฐบาล,0,0.00
สำนักบริหารพื้นที่อนุรักษ์ที่ 1 สาขาสระบุรี,พื้นที่ไม่สามารถเข้าตรวจสอบได้,0,0.00
สำนักบริหารพื้นที่อนุรักษ์ที่ 2 (ศรีราชา),บุกรุกใหม่ ,1,4.55
สำนักบริหารพื้นที่อนุรักษ์ที่ 2 (ศรีราชา),บุกรุกซ้ำ,0,0.00
สำนักบริหารพื้นที่อนุรักษ์ที่ 2 (ศรีราชา),แปลงแก้ไขปัญหาตามแนวนโยบายรัฐบาล,9,47.24
สำนักบริหารพื้นที่อนุรักษ์ที่ 2 (ศรีราชา),พื้นที่ไม่สามารถเข้าตรวจสอบได้,2,7.88
สำนักบริหารพื้นที่อนุรักษ์ที่ 3 (บ้านโป่ง),บุกรุกใหม่ ,0,0.00
สำนักบริหารพื้นที่อนุรักษ์ที่ 3 (บ้านโป่ง),บุกรุกซ้ำ,0,0.00
สำนักบริหารพื้นที่อนุรักษ์ที่ 3 (บ้านโป่ง),แปลงแก้ไขปัญหาตามแนวนโยบายรัฐบาล,8,60.52
สำนักบริหารพื้นที่อนุรักษ์ที่ 3 (บ้านโป่ง),พื้นที่ไม่สามารถเข้าตรวจสอบได้,0,0.00
สำนักบริหารพื้นที่อนุรักษ์ที่ 3 สาขาเพชรบุรี,บุกรุกใหม่ ,7,82.33
สำนักบริหารพื้นที่อนุรักษ์ที่ 3 สาขาเพชรบุรี,บุกรุกซ้ำ,0,0.00
สำนักบริหารพื้นที่อนุรักษ์ที่ 3 สาขาเพชรบุรี,แปลงแก้ไขปัญหาตามแนวนโยบายรัฐบาล,1,5.62
สำนักบริหารพื้นที่อนุรักษ์ที่ 3 สาขาเพชรบุรี,พื้นที่ไม่สามารถเข้าตรวจสอบได้,1,1.69
สำนักบริหารพื้นที่อนุรักษ์ที่ 4 (สุราษฎร์ธานี),บุกรุกใหม่ ,6,14.65
สำนักบริหารพื้นที่อนุรักษ์ที่ 4 (สุราษฎร์ธานี),บุกรุกซ้ำ,3,11.68
สำนักบริหารพื้นที่อนุรักษ์ที่ 4 (สุราษฎร์ธานี),แปลงแก้ไขปัญหาตามแนวนโยบายรัฐบาล,16,63.92
สำนักบริหารพื้นที่อนุรักษ์ที่ 4 (สุราษฎร์ธานี),พื้นที่ไม่สามารถเข้าตรวจสอบได้,0,0.00
สำนักบริหารพื้นที่อนุรักษ์ที่ 5 (นครศรีธรรมราช),บุกรุกใหม่ ,3,23.85
สำนักบริหารพื้นที่อนุรักษ์ที่ 5 (นครศรีธรรมราช),บุกรุกซ้ำ,0,0.00
สำนักบริหารพื้นที่อนุรักษ์ที่ 5 (นครศรีธรรมราช),แปลงแก้ไขปัญหาตามแนวนโยบายรัฐบาล,20,86.58
สำนักบริหารพื้นที่อนุรักษ์ที่ 5 (นครศรีธรรมราช),พื้นที่ไม่สามารถเข้าตรวจสอบได้,0,0.00
สำนักบริหารพื้นที่อนุรักษ์ที่ 6 (สงขลา),บุกรุกใหม่ ,1,1.69
สำนักบริหารพื้นที่อนุรักษ์ที่ 6 (สงขลา),บุกรุกซ้ำ,0,0.00
สำนักบริหารพื้นที่อนุรักษ์ที่ 6 (สงขลา),แปลงแก้ไขปัญหาตามแนวนโยบายรัฐบาล,6,53.17
สำนักบริหารพื้นที่อนุรักษ์ที่ 6 (สงขลา),พื้นที่ไม่สามารถเข้าตรวจสอบได้,0,0.00
สำนักบริหารพื้นที่อนุรักษ์ที่ 6 สาขาปัตตานี,บุกรุกใหม่ ,2,7.58
สำนักบริหารพื้นที่อนุรักษ์ที่ 6 สาขาปัตตานี,บุกรุกซ้ำ,0,0.00
สำนักบริหารพื้นที่อนุรักษ์ที่ 6 สาขาปัตตานี,แปลงแก้ไขปัญหาตามแนวนโยบายรัฐบาล,2,2.76
สำนักบริหารพื้นที่อนุรักษ์ที่ 6 สาขาปัตตานี,พื้นที่ไม่สามารถเข้าตรวจสอบได้,4,20.74
สำนักบริหารพื้นที่อนุรักษ์ที่ 7 (นครราชสีมา),บุกรุกใหม่ ,0,0.00
สำนักบริหารพื้นที่อนุรักษ์ที่ 7 (นครราชสีมา),บุกรุกซ้ำ,0,0.00
สำนักบริหารพื้นที่อนุรักษ์ที่ 7 (นครราชสีมา),แปลงแก้ไขปัญหาตามแนวนโยบายรัฐบาล,0,0.00
สำนักบริหารพื้นที่อนุรักษ์ที่ 7 (นครราชสีมา),พื้นที่ไม่สามารถเข้าตรวจสอบได้,0,0.00
สำนักบริหารพื้นที่อนุรักษ์ที่ 8 (ขอนแก่น),บุกรุกใหม่ ,0,0.00
สำนักบริหารพื้นที่อนุรักษ์ที่ 8 (ขอนแก่น),บุกรุกซ้ำ,0,0.00
สำนักบริหารพื้นที่อนุรักษ์ที่ 8 (ขอนแก่น),แปลงแก้ไขปัญหาตามแนวนโยบายรัฐบาล,0,0.00
สำนักบริหารพื้นที่อนุรักษ์ที่ 8 (ขอนแก่น),พื้นที่ไม่สามารถเข้าตรวจสอบได้,0,0.00
สำนักบริหารพื้นที่อนุรักษ์ที่ 9 (อุบลราชธานี),บุกรุกใหม่ ,3,4.37
สำนักบริหารพื้นที่อนุรักษ์ที่ 9 (อุบลราชธานี),บุกรุกซ้ำ,0,0.00
สำนักบริหารพื้นที่อนุรักษ์ที่ 9 (อุบลราชธานี),แปลงแก้ไขปัญหาตามแนวนโยบายรัฐบาล,0,0.00
สำนักบริหารพื้นที่อนุรักษ์ที่ 9 (อุบลราชธานี),พื้นที่ไม่สามารถเข้าตรวจสอบได้,0,0.00
สำนักบริหารพื้นที่อนุรักษ์ที่ 10 (อุดรธานี),บุกรุกใหม่ ,1,1.32
สำนักบริหารพื้นที่อนุรักษ์ที่ 10 (อุดรธานี),บุกรุกซ้ำ,0,0.00
สำนักบริหารพื้นที่อนุรักษ์ที่ 10 (อุดรธานี),แปลงแก้ไขปัญหาตามแนวนโยบายรัฐบาล,0,0.00
สำนักบริหารพื้นที่อนุรักษ์ที่ 10 (อุดรธานี),พื้นที่ไม่สามารถเข้าตรวจสอบได้,0,0.00
สำนักบริหารพื้นที่อนุรักษ์ที่ 11 (พิษณุโลก),บุกรุกใหม่ ,0,0.00
สำนักบริหารพื้นที่อนุรักษ์ที่ 11 (พิษณุโลก),บุกรุกซ้ำ,0,0.00
สำนักบริหารพื้นที่อนุรักษ์ที่ 11 (พิษณุโลก),แปลงแก้ไขปัญหาตามแนวนโยบายรัฐบาล,0,0.00
สำนักบริหารพื้นที่อนุรักษ์ที่ 11 (พิษณุโลก),พื้นที่ไม่สามารถเข้าตรวจสอบได้,0,0.00
สำนักบริหารพื้นที่อนุรักษ์ที่ 12 (นครสวรรค์),บุกรุกใหม่ ,0,0.00
สำนักบริหารพื้นที่อนุรักษ์ที่ 12 (นครสวรรค์),บุกรุกซ้ำ,0,0.00
สำนักบริหารพื้นที่อนุรักษ์ที่ 12 (นครสวรรค์),แปลงแก้ไขปัญหาตามแนวนโยบายรัฐบาล,0,0.00
สำนักบริหารพื้นที่อนุรักษ์ที่ 12 (นครสวรรค์),พื้นที่ไม่สามารถเข้าตรวจสอบได้,0,0.00
สำนักบริหารพื้นที่อนุรักษ์ที่ 13 (แพร่),บุกรุกใหม่ ,0,0.00
สำนักบริหารพื้นที่อนุรักษ์ที่ 13 (แพร่),บุกรุกซ้ำ,0,0.00
สำนักบริหารพื้นที่อนุรักษ์ที่ 13 (แพร่),แปลงแก้ไขปัญหาตามแนวนโยบายรัฐบาล,9,62.50
สำนักบริหารพื้นที่อนุรักษ์ที่ 13 (แพร่),พื้นที่ไม่สามารถเข้าตรวจสอบได้,0,0.00
สำนักบริหารพื้นที่อนุรักษ์ที่ 13 (สาขาลำปาง),บุกรุกใหม่ ,0,0.00
สำนักบริหารพื้นที่อนุรักษ์ที่ 13 (สาขาลำปาง),บุกรุกซ้ำ,0,0.00
สำนักบริหารพื้นที่อนุรักษ์ที่ 13 (สาขาลำปาง),แปลงแก้ไขปัญหาตามแนวนโยบายรัฐบาล,1,14.96
สำนักบริหารพื้นที่อนุรักษ์ที่ 13 (สาขาลำปาง),พื้นที่ไม่สามารถเข้าตรวจสอบได้,0,0.00
สำนักบริหารพื้นที่อนุรักษ์ที่ 14 (ตาก),บุกรุกใหม่ ,0,0.00
สำนักบริหารพื้นที่อนุรักษ์ที่ 14 (ตาก),บุกรุกซ้ำ,0,0.00
สำนักบริหารพื้นที่อนุรักษ์ที่ 14 (ตาก),แปลงแก้ไขปัญหาตามแนวนโยบายรัฐบาล,0,0.00
สำนักบริหารพื้นที่อนุรักษ์ที่ 14 (ตาก),พื้นที่ไม่สามารถเข้าตรวจสอบได้,0,0.00
สำนักบริหารพื้นที่อนุรักษ์ที่ 15 (เชียงราย),บุกรุกใหม่ ,9,68.67
สำนักบริหารพื้นที่อนุรักษ์ที่ 15 (เชียงราย),บุกรุกซ้ำ,0,0.00
สำนักบริหารพื้นที่อนุรักษ์ที่ 15 (เชียงราย),แปลงแก้ไขปัญหาตามแนวนโยบายรัฐบาล,5,26.21
สำนักบริหารพื้นที่อนุรักษ์ที่ 15 (เชียงราย),พื้นที่ไม่สามารถเข้าตรวจสอบได้,0,0.00
สำนักบริหารพื้นที่อนุรักษ์ที่ 16 (เชียงใหม่),บุกรุกใหม่ ,3,13.22
สำนักบริหารพื้นที่อนุรักษ์ที่ 16 (เชียงใหม่),บุกรุกซ้ำ,0,0.00
สำนักบริหารพื้นที่อนุรักษ์ที่ 16 (เชียงใหม่),แปลงแก้ไขปัญหาตามแนวนโยบายรัฐบาล,1,2.25
สำนักบริหารพื้นที่อนุรักษ์ที่ 16 (เชียงใหม่),พื้นที่ไม่สามารถเข้าตรวจสอบได้,0,0.00
สำนักบริหารพื้นที่อนุรักษ์ที่ 16 (สาขาแม่สะเรียง),บุกรุกใหม่ ,1,8.54
สำนักบริหารพื้นที่อนุรักษ์ที่ 16 (สาขาแม่สะเรียง),บุกรุกซ้ำ,0,0.00
สำนักบริหารพื้นที่อนุรักษ์ที่ 16 (สาขาแม่สะเรียง),แปลงแก้ไขปัญหาตามแนวนโยบายรัฐบาล,6,41.40
สำนักบริหารพื้นที่อนุรักษ์ที่ 16 (สาขาแม่สะเรียง),พื้นที่ไม่สามารถเข้าตรวจสอบได้,0,0.00
